County,FIPS,Month,CasesCount,TestsPer100K,ActiveCase,DeathCount
Anderson,48001,January,55215,48508,496,86
Anderson,48001,February,133466,52924,218,106
Anderson,48001,March,148877,57308,39,112
Anderson,48001,April,142644,61842,49,119
Anderson,48001,May,148385,65879,185,125
Anderson,48001,June,143764,69349,100,132
Anderson,48001,July,147685,72846,42,133
Anderson,48001,August,146775,79966,203,138
Anderson,48001,September,147122,90278,846,170
Anderson,48001,October,156136,100260,608,197
Andrews,48003,January,19576,5265,210,40
Andrews,48003,February,46920,5877,153,46
Andrews,48003,March,53099,6424,36,48
Andrews,48003,April,53985,7023,48,48
Andrews,48003,May,56552,7524,12,48
Andrews,48003,June,55131,7786,6,48
Andrews,48003,July,57683,8221,17,48
Andrews,48003,August,61547,8896,89,49
Andrews,48003,September,72453,9739,297,52
Andrews,48003,October,85807,10554,148,55
Angelina,48005,January,50416,53841,884,208
Angelina,48005,February,125891,65244,566,255
Angelina,48005,March,145937,75136,236,271
Angelina,48005,April,144883,84467,180,278
Angelina,48005,May,152663,94379,98,282
Angelina,48005,June,148976,98934,56,287
Angelina,48005,July,155565,103310,107,288
Angelina,48005,August,168556,112050,882,304
Angelina,48005,September,186283,127841,1301,354
Angelina,48005,October,206983,139666,512,398
Aransas,48007,January,8429,10156,141,29
Aransas,48007,February,22961,12299,105,35
Aransas,48007,March,27497,14176,39,36
Aransas,48007,April,28176,15816,31,38
Aransas,48007,May,29747,16996,10,41
Aransas,48007,June,29301,17986,12,41
Aransas,48007,July,31818,19788,60,42
Aransas,48007,August,40602,22656,218,49
Aransas,48007,September,53772,25907,313,59
Aransas,48007,October,61484,28551,93,65
Archer,48009,January,7751,2840,13,9
Archer,48009,February,18675,3429,2,11
Archer,48009,March,21054,3740,1,12
Archer,48009,April,20551,3954,1,12
Archer,48009,May,21452,4133,2,12
Archer,48009,June,20880,4261,0,12
Archer,48009,July,21686,4358,2,12
Archer,48009,August,23180,4606,20,13
Archer,48009,September,26777,5234,22,15
Archer,48009,October,31822,5875,18,19
Armstrong,48011,January,1151,692,20,6
Armstrong,48011,February,2923,873,7,6
Armstrong,48011,March,3374,1012,1,6
Armstrong,48011,April,3812,1147,4,6
Armstrong,48011,May,4467,1262,0,6
Armstrong,48011,June,4502,1306,1,6
Armstrong,48011,July,4753,1441,3,7
Armstrong,48011,August,5155,1871,7,7
Armstrong,48011,September,5311,2070,7,7
Armstrong,48011,October,5807,2311,8,7
Atascosa,48013,January,39736,31412,342,107
Atascosa,48013,February,107742,46284,156,138
Atascosa,48013,March,127651,53722,46,148
Atascosa,48013,April,127211,63380,20,151
Atascosa,48013,May,134792,71618,23,151
Atascosa,48013,June,133378,75897,23,152
Atascosa,48013,July,140494,78361,60,153
Atascosa,48013,August,159719,83980,267,163
Atascosa,48013,September,183553,94309,325,190
Atascosa,48013,October,203996,104771,89,203
Austin,48015,January,15780,13680,135,21
Austin,48015,February,41273,16280,69,29
Austin,48015,March,50129,18212,52,34
Austin,48015,April,52086,20117,30,34
Austin,48015,May,55793,22587,9,37
Austin,48015,June,54909,23728,4,37
Austin,48015,July,58239,24666,25,38
Austin,48015,August,64741,26466,109,41
Austin,48015,September,73851,29426,160,48
Austin,48015,October,83871,31991,76,52
Bailey,48017,January,6727,1935,25,16
Bailey,48017,February,15995,2098,12,18
Bailey,48017,March,18341,2257,9,19
Bailey,48017,April,18011,2427,1,20
Bailey,48017,May,18836,2604,1,20
Bailey,48017,June,18522,2767,1,20
Bailey,48017,July,19414,2872,2,20
Bailey,48017,August,19785,2992,12,22
Bailey,48017,September,19980,3262,13,25
Bailey,48017,October,21275,3521,9,25
Bandera,48019,January,8689,7691,72,20
Bandera,48019,February,24626,9535,53,25
Bandera,48019,March,28816,11053,13,27
Bandera,48019,April,28819,12512,10,27
Bandera,48019,May,31102,13596,14,28
Bandera,48019,June,31195,14382,8,28
Bandera,48019,July,33104,15154,20,31
Bandera,48019,August,38313,16495,90,36
Bandera,48019,September,44550,18515,102,45
Bandera,48019,October,50315,20349,58,53
Bastrop,48021,January,42678,45593,611,62
Bastrop,48021,February,178231,56481,1356,82
Bastrop,48021,March,206470,63366,283,91
Bastrop,48021,April,207286,70328,252,93
Bastrop,48021,May,222041,76928,208,97
Bastrop,48021,June,218371,81880,89,101
Bastrop,48021,July,231780,86103,210,107
Bastrop,48021,August,262697,96169,873,120
Bastrop,48021,September,295260,111869,1032,149
Bastrop,48021,October,325254,123107,412,171
Baylor,48023,January,1328,1635,5,10
Baylor,48023,February,3324,1907,1,12
Baylor,48023,March,3794,2148,0,13
Baylor,48023,April,3750,2258,0,13
Baylor,48023,May,3906,2341,0,13
Baylor,48023,June,3815,2380,0,13
Baylor,48023,July,4029,2436,1,13
Baylor,48023,August,4266,2867,2,13
Baylor,48023,September,5216,4701,11,16
Baylor,48023,October,5939,5446,10,21
Bee,48025,January,33390,32698,316,56
Bee,48025,February,83389,37851,161,65
Bee,48025,March,95047,41561,27,70
Bee,48025,April,92998,45113,16,73
Bee,48025,May,96495,48304,12,74
Bee,48025,June,93995,51455,11,75
Bee,48025,July,98611,54376,41,77
Bee,48025,August,112298,61639,359,84
Bee,48025,September,128628,69243,427,110
Bee,48025,October,139412,74976,89,126
Bell,48027,January,213383,198044,2151,262
Bell,48027,February,558233,230516,1072,365
Bell,48027,March,653899,251936,368,402
Bell,48027,April,658003,275613,300,419
Bell,48027,May,698461,297993,199,433
Bell,48027,June,677396,314188,177,449
Bell,48027,July,718756,332103,686,462
Bell,48027,August,814925,361975,2409,532
Bell,48027,September,914600,406758,2958,646
Bell,48027,October,1026722,448061,1506,705
Bexar,48029,January,1613610,1241819,31218,2418
Bexar,48029,February,4405843,1688079,19360,3091
Bexar,48029,March,5281013,1930924,5008,3388
Bexar,48029,April,5292825,2290767,4289,3500
Bexar,48029,May,5653069,2601854,4008,3582
Bexar,48029,June,5553482,2832136,2092,3635
Bexar,48029,July,5853869,2966213,4024,3688
Bexar,48029,August,6631979,3232498,20096,4042
Bexar,48029,September,7399244,3684248,19830,4740
Bexar,48029,October,8094071,4107223,8582,5092
Blanco,48031,January,3376,4607,30,13
Blanco,48031,February,15544,5637,130,19
Blanco,48031,March,17805,6185,18,20
Blanco,48031,April,17750,6724,14,20
Blanco,48031,May,18874,7293,12,20
Blanco,48031,June,18938,7724,14,21
Blanco,48031,July,20140,8078,15,21
Blanco,48031,August,22403,8750,65,23
Blanco,48031,September,25117,10248,145,27
Blanco,48031,October,27811,11509,71,28
Borden,48033,January,140,128,0,0
Borden,48033,February,367,152,0,2
Borden,48033,March,542,174,2,2
Borden,48033,April,660,193,1,2
Borden,48033,May,661,210,0,2
Borden,48033,June,630,219,0,2
Borden,48033,July,659,230,0,2
Borden,48033,August,682,244,1,2
Borden,48033,September,712,261,2,2
Borden,48033,October,872,283,2,2
Bosque,48035,January,10017,10991,123,24
Bosque,48035,February,35503,12180,211,31
Bosque,48035,March,40968,13130,41,33
Bosque,48035,April,40384,13931,18,33
Bosque,48035,May,42420,14502,15,34
Bosque,48035,June,41371,14934,4,36
Bosque,48035,July,43485,15439,23,37
Bosque,48035,August,47394,16465,133,41
Bosque,48035,September,51122,18215,176,50
Bosque,48035,October,55872,19855,68,55
Bowie,48037,January,46245,61355,551,155
Bowie,48037,February,124037,69588,522,187
Bowie,48037,March,143367,76813,466,207
Bowie,48037,April,140643,82740,100,213
Bowie,48037,May,147430,86814,62,219
Bowie,48037,June,147224,90102,63,225
Bowie,48037,July,165004,93838,136,228
Bowie,48037,August,179649,100977,650,244
Bowie,48037,September,209071,113302,1233,291
Bowie,48037,October,233061,121883,395,323
Brazoria,48039,January,289204,249306,5655,301
Brazoria,48039,February,739842,295125,4188,385
Brazoria,48039,March,893555,334111,2289,445
Brazoria,48039,April,906666,371302,1519,489
Brazoria,48039,May,961599,411750,868,519
Brazoria,48039,June,942416,436410,407,534
Brazoria,48039,July,998157,458142,704,543
Brazoria,48039,August,1124389,502848,4599,612
Brazoria,48039,September,1284287,568562,6778,749
Brazoria,48039,October,1441782,619525,3094,822
Brazos,48041,January,177850,184417,1625,177
Brazos,48041,February,461115,220912,1139,214
Brazos,48041,March,578879,246528,898,235
Brazos,48041,April,653188,271612,576,250
Brazos,48041,May,706287,291990,302,255
Brazos,48041,June,711216,304583,186,260
Brazos,48041,July,748112,316427,226,264
Brazos,48041,August,788044,340620,749,285
Brazos,48041,September,855642,405362,1773,322
Brazos,48041,October,1010926,446054,1420,347
Brewster,48043,January,10397,8025,41,12
Brewster,48043,February,22116,8838,6,15
Brewster,48043,March,25262,9486,17,16
Brewster,48043,April,24941,9935,12,16
Brewster,48043,May,25986,10227,7,16
Brewster,48043,June,25206,10312,3,17
Brewster,48043,July,25984,10408,5,17
Brewster,48043,August,26252,10716,20,18
Brewster,48043,September,25775,11332,19,19
Brewster,48043,October,27086,12058,38,21
Briscoe,48045,January,795,592,15,4
Briscoe,48045,February,2035,684,7,4
Briscoe,48045,March,2385,757,2,5
Briscoe,48045,April,2652,816,2,5
Briscoe,48045,May,3007,866,0,6
Briscoe,48045,June,2935,906,1,6
Briscoe,48045,July,3219,952,4,6
Briscoe,48045,August,3618,1054,7,7
Briscoe,48045,September,3739,1185,4,7
Briscoe,48045,October,4202,1328,5,7
Brooks,48047,January,7250,12148,64,30
Brooks,48047,February,17734,14771,29,33
Brooks,48047,March,20256,17016,15,36
Brooks,48047,April,19939,19754,11,36
Brooks,48047,May,21132,23104,15,36
Brooks,48047,June,21245,25233,16,36
Brooks,48047,July,22527,25933,15,37
Brooks,48047,August,24147,27091,60,39
Brooks,48047,September,25331,29407,45,45
Brooks,48047,October,26978,31699,13,47
Brown,48049,January,20969,25293,470,88
Brown,48049,February,52259,30284,163,112
Brown,48049,March,60402,33176,62,117
Brown,48049,April,59251,36536,10,119
Brown,48049,May,62173,38799,9,121
Brown,48049,June,61578,40962,16,121
Brown,48049,July,65610,43200,43,124
Brown,48049,August,74378,48059,237,135
Brown,48049,September,86717,57341,405,154
Brown,48049,October,100181,62982,102,167
Burleson,48051,January,11342,10961,119,25
Burleson,48051,February,49314,13815,396,37
Burleson,48051,March,57529,15714,81,40
Burleson,48051,April,57861,17428,46,45
Burleson,48051,May,61268,19224,34,48
Burleson,48051,June,60290,20353,21,48
Burleson,48051,July,63561,21471,28,48
Burleson,48051,August,68077,23012,115,50
Burleson,48051,September,72689,26536,175,56
Burleson,48051,October,80160,29483,116,59
Burnet,48053,January,25105,26177,207,40
Burnet,48053,February,101775,31478,716,58
Burnet,48053,March,120743,35310,212,62
Burnet,48053,April,122026,38930,126,64
Burnet,48053,May,130380,42377,77,67
Burnet,48053,June,128107,44984,44,67
Burnet,48053,July,137427,47452,122,70
Burnet,48053,August,157475,52071,472,83
Burnet,48053,September,174276,59244,564,105
Burnet,48053,October,191160,65449,220,124
Caldwell,48055,January,31761,26783,237,61
Caldwell,48055,February,133803,33449,890,86
Caldwell,48055,March,154606,37151,158,94
Caldwell,48055,April,154312,40716,100,96
Caldwell,48055,May,164631,44251,102,98
Caldwell,48055,June,161413,46864,40,100
Caldwell,48055,July,170078,48904,85,101
Caldwell,48055,August,188071,53734,458,111
Caldwell,48055,September,201080,63652,691,134
Caldwell,48055,October,217722,70339,232,150
Calhoun,48057,January,16408,12549,101,14
Calhoun,48057,February,42997,15725,67,19
Calhoun,48057,March,52083,17544,39,23
Calhoun,48057,April,54133,19327,31,24
Calhoun,48057,May,58984,20717,37,24
Calhoun,48057,June,60330,21769,30,25
Calhoun,48057,July,63449,23466,20,25
Calhoun,48057,August,70261,25973,165,27
Calhoun,48057,September,77535,30613,162,32
Calhoun,48057,October,85372,33515,49,35
Callahan,48059,January,6352,7126,18,31
Callahan,48059,February,16129,8737,12,37
Callahan,48059,March,18324,9906,4,38
Callahan,48059,April,18117,10787,2,40
Callahan,48059,May,18983,11462,2,41
Callahan,48059,June,18604,11901,2,42
Callahan,48059,July,19315,12144,3,42
Callahan,48059,August,21028,12784,27,44
Callahan,48059,September,23222,14653,37,51
Callahan,48059,October,26308,16183,26,53
Cameron,48061,January,408826,210596,4866,1181
Cameron,48061,February,1018032,252217,4647,1349
Cameron,48061,March,1176632,287714,2354,1434
Cameron,48061,April,1182245,320783,1269,1468
Cameron,48061,May,1265656,352477,1022,1503
Cameron,48061,June,1251375,375023,749,1523
Cameron,48061,July,1336877,400528,1152,1541
Cameron,48061,August,1452876,439159,3892,1588
Cameron,48061,September,1527363,487478,3339,1704
Cameron,48061,October,1637325,523128,3093,1775
Camp,48063,January,8597,5556,132,34
Camp,48063,February,21727,6753,178,41
Camp,48063,March,24858,7570,149,42
Camp,48063,April,24451,8126,34,42
Camp,48063,May,25888,8565,12,43
Camp,48063,June,25572,8923,5,44
Camp,48063,July,27748,9344,16,45
Camp,48063,August,31266,10070,123,49
Camp,48063,September,35613,11519,155,59
Camp,48063,October,38717,12392,39,65
Carson,48065,January,2440,1943,23,12
Carson,48065,February,6473,2375,18,13
Carson,48065,March,8088,2728,14,14
Carson,48065,April,9975,3019,14,14
Carson,48065,May,11277,3309,2,14
Carson,48065,June,12203,3478,2,14
Carson,48065,July,13571,3633,3,14
Carson,48065,August,14543,3872,14,16
Carson,48065,September,14907,4241,21,20
Carson,48065,October,16402,4644,17,24
Cass,48067,January,12416,14274,102,65
Cass,48067,February,30628,16350,106,78
Cass,48067,March,35336,17872,89,81
Cass,48067,April,35369,19210,29,82
Cass,48067,May,37354,20205,22,83
Cass,48067,June,37553,20954,17,84
Cass,48067,July,44284,21863,65,87
Cass,48067,August,54536,24134,345,100
Cass,48067,September,70336,28166,516,130
Cass,48067,October,82947,30807,186,146
Castro,48069,January,7254,4553,27,27
Castro,48069,February,17788,5217,19,29
Castro,48069,March,20313,5769,9,31
Castro,48069,April,20913,6237,12,32
Castro,48069,May,22304,6570,3,32
Castro,48069,June,22251,6834,1,32
Castro,48069,July,23496,7012,2,32
Castro,48069,August,24501,7578,18,32
Castro,48069,September,25950,8475,28,34
Castro,48069,October,29155,9419,24,36
Chambers,48071,January,43662,7235,364,18
Chambers,48071,February,113081,8384,298,22
Chambers,48071,March,137662,9257,148,26
Chambers,48071,April,143440,10204,123,27
Chambers,48071,May,155644,11256,83,28
Chambers,48071,June,155384,11864,93,30
Chambers,48071,July,166659,12324,105,31
Chambers,48071,August,197173,13514,530,37
Chambers,48071,September,235040,15523,352,50
Chambers,48071,October,269123,16554,132,56
Cherokee,48073,January,25651,22424,162,109
Cherokee,48073,February,61572,26569,8,131
Cherokee,48073,March,69420,29572,0,137
Cherokee,48073,April,67533,32852,7,141
Cherokee,48073,May,69978,36040,22,145
Cherokee,48073,June,67940,38055,13,146
Cherokee,48073,July,70404,40145,40,148
Cherokee,48073,August,71354,45625,245,155
Cherokee,48073,September,73450,53208,303,191
Cherokee,48073,October,77191,58996,72,218
Childress,48075,January,15413,5649,46,15
Childress,48075,February,36453,6593,13,17
Childress,48075,March,40769,7284,5,17
Childress,48075,April,40043,7911,2,17
Childress,48075,May,41458,8449,2,17
Childress,48075,June,39997,8928,1,17
Childress,48075,July,41217,9249,4,17
Childress,48075,August,41597,9629,11,17
Childress,48075,September,42168,10277,37,19
Childress,48075,October,46200,11223,31,20
Clay,48077,January,10396,4136,24,13
Clay,48077,February,25307,5006,7,16
Clay,48077,March,28713,5739,3,16
Clay,48077,April,28068,6284,0,16
Clay,48077,May,29136,6645,1,16
Clay,48077,June,28401,6815,2,16
Clay,48077,July,29627,7161,6,17
Clay,48077,August,31316,7929,21,18
Clay,48077,September,35156,9231,35,22
Clay,48077,October,41202,10514,27,23
Cochran,48079,January,2459,862,12,12
Cochran,48079,February,6062,960,12,14
Cochran,48079,March,7036,1037,8,14
Cochran,48079,April,7540,1116,6,15
Cochran,48079,May,8142,1203,1,15
Cochran,48079,June,8165,1257,0,15
Cochran,48079,July,8560,1281,2,15
Cochran,48079,August,8919,1369,10,15
Cochran,48079,September,9814,1594,22,17
Cochran,48079,October,10941,1754,12,18
Coke,48081,January,2624,2752,27,10
Coke,48081,February,5943,3324,5,11
Coke,48081,March,7194,3603,14,12
Coke,48081,April,6664,3740,7,12
Coke,48081,May,6992,3902,5,13
Coke,48081,June,6750,3973,1,13
Coke,48081,July,6975,4085,1,13
Coke,48081,August,7235,4424,34,13
Coke,48081,September,8231,5240,60,15
Coke,48081,October,9176,5866,21,16
Coleman,48083,January,5400,4326,10,21
Coleman,48083,February,13154,5082,3,28
Coleman,48083,March,14847,5697,1,32
Coleman,48083,April,14501,5988,1,32
Coleman,48083,May,15115,6220,1,33
Coleman,48083,June,14727,6391,2,34
Coleman,48083,July,15781,6610,9,34
Coleman,48083,August,17854,7078,17,38
Coleman,48083,September,18705,7876,9,47
Coleman,48083,October,21104,8475,20,52
Collin,48085,January,714704,751729,4791,559
Collin,48085,February,1883296,901486,2675,734
Collin,48085,March,2203493,996765,1140,796
Collin,48085,April,2189491,1083486,918,821
Collin,48085,May,2315330,1165830,603,836
Collin,48085,June,2265391,1231572,349,845
Collin,48085,July,2382518,1297270,783,860
Collin,48085,August,2604778,1402885,3324,899
Collin,48085,September,2908409,1582060,4237,1008
Collin,48085,October,3212935,1724995,1954,1112
Collingsworth,48087,January,2099,1712,17,8
Collingsworth,48087,February,5219,2098,8,9
Collingsworth,48087,March,6129,2399,8,9
Collingsworth,48087,April,7054,2709,12,9
Collingsworth,48087,May,7629,2886,0,9
Collingsworth,48087,June,7448,3032,0,9
Collingsworth,48087,July,7736,3130,1,9
Collingsworth,48087,August,8031,3301,6,9
Collingsworth,48087,September,8222,3636,6,9
Collingsworth,48087,October,8826,4092,4,11
Colorado,48089,January,13564,11706,85,19
Colorado,48089,February,34956,13521,46,25
Colorado,48089,March,40790,15118,24,27
Colorado,48089,April,41271,16572,18,30
Colorado,48089,May,43687,18357,4,32
Colorado,48089,June,42740,19019,1,32
Colorado,48089,July,45427,19841,20,32
Colorado,48089,August,51193,21394,91,36
Colorado,48089,September,57188,24133,84,46
Colorado,48089,October,62858,26587,21,51
Comal,48091,January,51071,81725,692,212
Comal,48091,February,128609,101364,535,262
Comal,48091,March,154396,114574,267,283
Comal,48091,April,157831,127778,214,293
Comal,48091,May,175737,139943,282,300
Comal,48091,June,178174,148785,197,305
Comal,48091,July,197257,157808,419,315
Comal,48091,August,244266,173856,1329,352
Comal,48091,September,295263,196147,1387,411
Comal,48091,October,340133,216203,554,447
Comanche,48093,January,11177,7387,10,39
Comanche,48093,February,28595,8159,20,49
Comanche,48093,March,35758,8681,6,51
Comanche,48093,April,35083,9279,3,51
Comanche,48093,May,36421,9643,3,51
Comanche,48093,June,35461,9940,2,51
Comanche,48093,July,36959,10328,7,52
Comanche,48093,August,39902,11323,32,54
Comanche,48093,September,45282,13317,47,58
Comanche,48093,October,50779,15049,16,63
Concho,48095,January,1689,2121,28,5
Concho,48095,February,4252,2505,24,7
Concho,48095,March,6330,2828,36,8
Concho,48095,April,6958,3066,10,8
Concho,48095,May,8096,3272,36,8
Concho,48095,June,9579,3342,22,8
Concho,48095,July,10724,3421,17,8
Concho,48095,August,12012,3957,57,9
Concho,48095,September,12634,4857,41,9
Concho,48095,October,13176,5224,10,10
Cooke,48097,January,32521,22617,129,50
Cooke,48097,February,82773,25972,66,63
Cooke,48097,March,95743,28092,22,67
Cooke,48097,April,94425,29752,9,71
Cooke,48097,May,99397,31183,8,72
Cooke,48097,June,97103,32250,3,72
Cooke,48097,July,101002,33315,17,72
Cooke,48097,August,107657,35482,77,74
Cooke,48097,September,115126,39357,74,85
Cooke,48097,October,127038,42310,28,99
Coryell,48099,January,51486,70264,484,53
Coryell,48099,February,184344,78582,559,77
Coryell,48099,March,207271,85958,145,84
Coryell,48099,April,205296,92621,95,85
Coryell,48099,May,216889,98254,69,86
Coryell,48099,June,211430,103317,20,88
Coryell,48099,July,222788,108396,122,90
Coryell,48099,August,244764,117925,485,100
Coryell,48099,September,271124,132902,805,136
Coryell,48099,October,303246,145607,458,158
Cottle,48101,January,1610,1106,2,7
Cottle,48101,February,3813,1249,0,7
Cottle,48101,March,4390,1395,1,7
Cottle,48101,April,4290,1505,0,7
Cottle,48101,May,4433,1597,0,7
Cottle,48101,June,4290,1655,0,7
Cottle,48101,July,4453,1696,1,7
Cottle,48101,August,4653,1756,2,8
Cottle,48101,September,4850,1861,3,9
Cottle,48101,October,5402,1990,3,9
Crane,48103,January,2359,4012,5,11
Crane,48103,February,5691,4913,5,11
Crane,48103,March,6278,5457,2,12
Crane,48103,April,6079,5655,6,12
Crane,48103,May,6334,5824,5,12
Crane,48103,June,6238,5926,4,12
Crane,48103,July,6565,6505,13,12
Crane,48103,August,7045,6890,45,14
Crane,48103,September,7477,7667,75,15
Crane,48103,October,8440,8434,45,18
Crockett,48105,January,2559,2162,9,14
Crockett,48105,February,6033,2637,42,15
Crockett,48105,March,6738,2800,6,15
Crockett,48105,April,6549,2893,1,15
Crockett,48105,May,6702,2981,1,15
Crockett,48105,June,6498,3102,11,15
Crockett,48105,July,6765,3789,11,15
Crockett,48105,August,7059,4159,29,15
Crockett,48105,September,7193,4735,46,16
Crockett,48105,October,7526,5110,20,16
Crosby,48107,January,3238,3240,41,24
Crosby,48107,February,8366,3604,36,26
Crosby,48107,March,9965,3896,15,28
Crosby,48107,April,11215,4140,10,29
Crosby,48107,May,12199,4383,1,29
Crosby,48107,June,12876,4535,2,29
Crosby,48107,July,14288,4669,5,29
Crosby,48107,August,15186,5049,30,30
Crosby,48107,September,16118,5683,40,33
Crosby,48107,October,17665,6205,19,36
Culberson,48109,January,3597,1818,28,6
Culberson,48109,February,8824,2102,19,8
Culberson,48109,March,10124,2258,7,8
Culberson,48109,April,10042,2326,4,10
Culberson,48109,May,10440,2389,2,11
Culberson,48109,June,10144,2426,2,11
Culberson,48109,July,10482,2472,0,11
Culberson,48109,August,10539,2548,2,11
Culberson,48109,September,10454,2755,6,11
Culberson,48109,October,10993,2897,3,11
Dallam,48111,January,5446,1815,33,22
Dallam,48111,February,15517,2451,72,25
Dallam,48111,March,24111,3048,77,25
Dallam,48111,April,24432,3491,11,25
Dallam,48111,May,25812,3912,1,26
Dallam,48111,June,25082,4299,1,26
Dallam,48111,July,25962,4574,3,26
Dallam,48111,August,26565,4802,25,26
Dallam,48111,September,27829,5315,46,29
Dallam,48111,October,30549,6061,23,30
Dallas,48113,January,2623687,1861287,36793,2910
Dallas,48113,February,6682175,2210530,21581,3597
Dallas,48113,March,7727923,2428467,7603,3915
Dallas,48113,April,7637187,2627032,4523,4014
Dallas,48113,May,8036092,2805789,3345,4093
Dallas,48113,June,7852188,2942150,1864,4137
Dallas,48113,July,8234574,3077876,3485,4191
Dallas,48113,August,8825326,3333086,15333,4415
Dallas,48113,September,9467491,3714238,21498,4915
Dallas,48113,October,10462930,4032537,13932,5310
Dawson,48115,January,19734,8318,75,63
Dawson,48115,February,47544,9245,14,70
Dawson,48115,March,53156,10010,6,70
Dawson,48115,April,51804,10817,4,70
Dawson,48115,May,53813,11566,1,70
Dawson,48115,June,52209,12213,2,70
Dawson,48115,July,54213,12763,4,70
Dawson,48115,August,55830,13417,35,72
Dawson,48115,September,60023,14827,83,75
Dawson,48115,October,65630,16051,39,78
Deaf Smith,48117,January,22360,8219,97,53
Deaf Smith,48117,February,54098,9807,75,56
Deaf Smith,48117,March,61983,10908,32,58
Deaf Smith,48117,April,62263,11892,19,59
Deaf Smith,48117,May,65925,12830,6,59
Deaf Smith,48117,June,65577,13460,3,61
Deaf Smith,48117,July,68738,14115,8,61
Deaf Smith,48117,August,71263,15868,45,65
Deaf Smith,48117,September,71525,18969,56,74
Deaf Smith,48117,October,76298,20639,21,82
Delta,48119,January,1572,5687,40,62
Delta,48119,February,4525,6577,43,65
Delta,48119,March,5414,7412,35,67
Delta,48119,April,5352,8166,8,68
Delta,48119,May,5672,8849,3,69
Delta,48119,June,5704,9256,1,70
Delta,48119,July,6432,9673,6,70
Delta,48119,August,7365,10267,34,70
Delta,48119,September,9272,11132,60,71
Delta,48119,October,10635,12238,26,77
Denton,48121,January,484919,2246,14877,6
Denton,48121,February,1281297,2626,14206,11
Denton,48121,March,1604851,2858,9482,12
Denton,48121,April,1619787,3046,4390,12
Denton,48121,May,1715849,3236,3150,12
Denton,48121,June,1683641,3358,1990,12
Denton,48121,July,1767354,3542,1948,14
Denton,48121,August,1898887,4014,6541,15
Denton,48121,September,2074885,4749,14101,19
Denton,48121,October,2356433,5282,14679,20
DeWitt,48123,January,19749,476604,117,502
DeWitt,48123,February,50763,586827,90,662
DeWitt,48123,March,58419,654049,19,727
DeWitt,48123,April,56996,713343,10,751
DeWitt,48123,May,59833,763217,20,767
DeWitt,48123,June,59053,801981,94,776
DeWitt,48123,July,62267,842871,18,788
DeWitt,48123,August,66430,910198,72,823
DeWitt,48123,September,81551,1016165,299,918
DeWitt,48123,October,91416,1106959,71,1000
Dickens,48125,January,1092,645,7,8
Dickens,48125,February,2661,725,6,9
Dickens,48125,March,3108,801,2,10
Dickens,48125,April,3305,865,3,10
Dickens,48125,May,3593,923,0,10
Dickens,48125,June,3452,950,1,10
Dickens,48125,July,3695,981,4,10
Dickens,48125,August,3903,1062,6,10
Dickens,48125,September,3991,1260,10,10
Dickens,48125,October,4257,1440,4,13
Dimmit,48127,January,12341,6592,154,16
Dimmit,48127,February,35460,9413,82,23
Dimmit,48127,March,43394,12242,55,30
Dimmit,48127,April,49103,17345,92,32
Dimmit,48127,May,57647,27846,43,36
Dimmit,48127,June,61261,39263,74,37
Dimmit,48127,July,71588,51699,108,37
Dimmit,48127,August,84910,58360,151,38
Dimmit,48127,September,89597,61183,57,42
Dimmit,48127,October,95377,62924,26,45
Donley,48129,January,1764,1638,31,10
Donley,48129,February,4625,1934,21,13
Donley,48129,March,5433,2189,6,15
Donley,48129,April,5893,2386,6,15
Donley,48129,May,6547,2542,1,15
Donley,48129,June,6428,2651,1,15
Donley,48129,July,6689,2749,2,15
Donley,48129,August,6955,2925,8,15
Donley,48129,September,7244,3308,32,18
Donley,48129,October,7917,3882,17,18
Duval,48131,January,12016,15711,133,34
Duval,48131,February,29354,18557,45,39
Duval,48131,March,33206,20579,23,41
Duval,48131,April,33045,22396,17,42
Duval,48131,May,35055,24244,16,42
Duval,48131,June,34399,25337,3,43
Duval,48131,July,36284,26510,27,43
Duval,48131,August,41219,29289,140,46
Duval,48131,September,45086,33059,139,53
Duval,48131,October,49005,35838,37,58
Eastland,48133,January,9130,6058,14,27
Eastland,48133,February,24003,7315,19,42
Eastland,48133,March,28528,8154,6,47
Eastland,48133,April,28065,8825,2,48
Eastland,48133,May,29392,9331,3,49
Eastland,48133,June,28629,9714,1,50
Eastland,48133,July,29829,10113,5,50
Eastland,48133,August,33228,11103,36,54
Eastland,48133,September,39349,13153,43,67
Eastland,48133,October,45733,14779,25,77
Ector,48135,January,82719,61422,1544,296
Ector,48135,February,223136,69813,1730,335
Ector,48135,March,263108,77003,510,359
Ector,48135,April,259046,83232,232,369
Ector,48135,May,275393,88755,231,377
Ector,48135,June,269799,92106,83,379
Ector,48135,July,284556,96340,282,383
Ector,48135,August,317043,104671,1494,411
Ector,48135,September,352525,120408,1937,490
Ector,48135,October,389766,132336,866,531
Edwards,48137,January,2279,1201,6,4
Edwards,48137,February,5509,1409,2,4
Edwards,48137,March,6157,1461,1,5
Edwards,48137,April,5970,1510,1,6
Edwards,48137,May,6241,1580,1,6
Edwards,48137,June,6146,1700,0,6
Edwards,48137,July,6265,1821,1,6
Edwards,48137,August,6415,1929,5,6
Edwards,48137,September,6778,2126,13,7
Edwards,48137,October,7410,2224,5,7
El Paso,48139,January,188822,726914,35229,2237
El Paso,48139,February,486897,879330,15124,2453
El Paso,48139,March,566265,1027340,3342,2598
El Paso,48139,April,561012,1155055,2379,2673
El Paso,48139,May,587602,1280149,1552,2720
El Paso,48139,June,573911,1366743,424,2743
El Paso,48139,July,591500,1409350,502,2765
El Paso,48139,August,634953,1499783,1570,2788
El Paso,48139,September,712697,1591811,1586,2825
El Paso,48139,October,805661,1672998,1937,2869
Ellis,48141,January,1329475,128305,809,234
Ellis,48141,February,3337575,153335,405,282
Ellis,48141,March,3937005,172304,132,306
Ellis,48141,April,3958273,185259,92,313
Ellis,48141,May,4194739,196810,76,319
Ellis,48141,June,4091264,205794,79,325
Ellis,48141,July,4253074,215312,146,328
Ellis,48141,August,4341054,231611,568,348
Ellis,48141,September,4305779,259985,719,409
Ellis,48141,October,4560618,281938,359,458
Erath,48143,January,29450,17664,53,50
Erath,48143,February,74021,21057,39,66
Erath,48143,March,84919,24052,17,67
Erath,48143,April,84354,26671,16,68
Erath,48143,May,88262,28605,5,69
Erath,48143,June,86174,29948,6,70
Erath,48143,July,90144,31652,31,70
Erath,48143,August,99967,34709,136,74
Erath,48143,September,116064,40178,154,89
Erath,48143,October,132094,43897,49,100
Falls,48145,January,15605,11611,122,24
Falls,48145,February,51101,12983,196,30
Falls,48145,March,57291,14930,31,31
Falls,48145,April,55646,15960,8,32
Falls,48145,May,58695,16876,14,32
Falls,48145,June,57046,17753,5,32
Falls,48145,July,58865,18469,4,33
Falls,48145,August,61303,19742,76,34
Falls,48145,September,64255,22034,121,40
Falls,48145,October,70679,24275,82,46
Fannin,48147,January,26973,21360,133,78
Fannin,48147,February,68660,25937,53,101
Fannin,48147,March,79220,29028,17,106
Fannin,48147,April,77866,31611,21,108
Fannin,48147,May,80932,34199,7,108
Fannin,48147,June,78061,35940,4,109
Fannin,48147,July,80657,37807,17,110
Fannin,48147,August,84556,41218,63,117
Fannin,48147,September,89384,46187,87,132
Fannin,48147,October,98861,51158,54,148
Fayette,48149,January,10295,12082,145,47
Fayette,48149,February,38079,14059,281,54
Fayette,48149,March,45490,15699,131,58
Fayette,48149,April,47384,17553,115,62
Fayette,48149,May,50832,19294,45,65
Fayette,48149,June,49764,20253,13,67
Fayette,48149,July,52656,21045,43,70
Fayette,48149,August,58099,23024,177,76
Fayette,48149,September,62248,25937,184,86
Fayette,48149,October,66744,27754,51,92
Fisher,48151,January,3317,1319,15,12
Fisher,48151,February,8102,1501,2,14
Fisher,48151,March,8997,1601,0,14
Fisher,48151,April,8831,1706,2,14
Fisher,48151,May,9329,1776,3,14
Fisher,48151,June,9171,1834,1,14
Fisher,48151,July,9536,1873,1,14
Fisher,48151,August,10531,1953,13,14
Fisher,48151,September,11568,2133,10,16
Fisher,48151,October,12844,2265,7,16
Floyd,48153,January,3403,2180,65,28
Floyd,48153,February,8597,2429,48,29
Floyd,48153,March,10057,2651,12,29
Floyd,48153,April,10794,2876,8,30
Floyd,48153,May,11906,3119,1,30
Floyd,48153,June,11946,3314,0,30
Floyd,48153,July,12607,3435,4,30
Floyd,48153,August,13904,3765,37,30
Floyd,48153,September,15069,4250,28,34
Floyd,48153,October,17503,4748,35,38
Foard,48155,January,766,837,1,7
Foard,48155,February,2278,1054,2,9
Foard,48155,March,2697,1194,0,10
Foard,48155,April,2610,1265,0,10
Foard,48155,May,2702,1325,0,10
Foard,48155,June,2640,1359,0,10
Foard,48155,July,2739,1385,0,10
Foard,48155,August,3181,1442,3,10
Foard,48155,September,4002,1594,6,10
Foard,48155,October,4388,1906,1,10
Fort Bend,48157,January,507822,480522,14168,477
Fort Bend,48157,February,1342822,580666,12476,570
Fort Bend,48157,March,1640193,651326,9943,629
Fort Bend,48157,April,1678855,719657,10038,655
Fort Bend,48157,May,1804877,794783,10284,679
Fort Bend,48157,June,1782760,842649,2213,696
Fort Bend,48157,July,1876910,886256,985,708
Fort Bend,48157,August,2075391,965473,6244,757
Fort Bend,48157,September,2309842,1082781,8234,869
Fort Bend,48157,October,2594022,1179185,4483,934
Franklin,48159,January,5001,4154,88,18
Franklin,48159,February,12987,4831,105,24
Franklin,48159,March,15309,5322,89,26
Franklin,48159,April,14931,5650,20,26
Franklin,48159,May,15738,5946,7,26
Franklin,48159,June,15930,6190,2,26
Franklin,48159,July,18056,6450,6,26
Franklin,48159,August,19917,6889,70,27
Franklin,48159,September,23636,7741,120,30
Franklin,48159,October,26914,8397,58,34
Freestone,48161,January,8251,13628,51,35
Freestone,48161,February,30644,16163,230,43
Freestone,48161,March,32591,18349,30,49
Freestone,48161,April,32117,20238,32,49
Freestone,48161,May,34355,22184,54,50
Freestone,48161,June,33785,23888,16,50
Freestone,48161,July,35085,25157,24,50
Freestone,48161,August,38796,28297,127,55
Freestone,48161,September,44924,32492,191,63
Freestone,48161,October,50012,36561,79,67
Frio,48163,January,22319,12183,111,32
Frio,48163,February,56715,15063,71,45
Frio,48163,March,65957,16953,24,49
Frio,48163,April,65624,18574,20,51
Frio,48163,May,70457,20316,31,52
Frio,48163,June,70170,22057,28,52
Frio,48163,July,72616,24672,37,53
Frio,48163,August,80147,28065,83,58
Frio,48163,September,84619,31967,77,65
Frio,48163,October,93822,36155,62,69
Gaines,48165,January,16269,3570,37,37
Gaines,48165,February,39292,3879,15,42
Gaines,48165,March,43870,4212,5,43
Gaines,48165,April,42802,4542,3,43
Gaines,48165,May,44754,4879,4,44
Gaines,48165,June,43799,5110,5,45
Gaines,48165,July,45630,5319,5,46
Gaines,48165,August,48768,5722,61,47
Gaines,48165,September,57204,6376,160,53
Gaines,48165,October,65342,6901,46,59
Galveston,48167,January,306653,266510,7700,272
Galveston,48167,February,797074,308009,6263,347
Galveston,48167,March,960133,349749,3220,390
Galveston,48167,April,977745,385571,2239,412
Galveston,48167,May,1052494,426085,1645,428
Galveston,48167,June,1041971,452887,875,446
Galveston,48167,July,1112320,479328,908,458
Galveston,48167,August,1303312,528083,4873,512
Galveston,48167,September,1498078,593478,5394,632
Galveston,48167,October,1657033,639774,2358,691
Garza,48169,January,2322,2332,19,18
Garza,48169,February,5746,2760,29,19
Garza,48169,March,6849,3118,12,22
Garza,48169,April,7393,3396,11,22
Garza,48169,May,7973,3653,2,22
Garza,48169,June,8186,3880,1,22
Garza,48169,July,8918,4095,1,22
Garza,48169,August,9282,4492,17,22
Garza,48169,September,9701,4932,20,22
Garza,48169,October,11093,5230,15,22
Gillespie,48171,January,18169,15049,171,37
Gillespie,48171,February,45054,17273,60,48
Gillespie,48171,March,51627,18502,24,49
Gillespie,48171,April,50760,19632,12,50
Gillespie,48171,May,53869,20572,12,51
Gillespie,48171,June,54088,21308,12,53
Gillespie,48171,July,56854,22227,29,54
Gillespie,48171,August,60755,24342,91,60
Gillespie,48171,September,64330,27499,103,71
Gillespie,48171,October,70616,29912,55,77
Glasscock,48173,January,497,164,5,1
Glasscock,48173,February,1023,192,1,2
Glasscock,48173,March,1184,212,0,2
Glasscock,48173,April,1222,232,3,2
Glasscock,48173,May,1271,247,0,2
Glasscock,48173,June,1240,257,0,2
Glasscock,48173,July,1271,287,0,2
Glasscock,48173,August,1339,314,11,2
Glasscock,48173,September,1445,367,9,3
Glasscock,48173,October,1527,418,8,3
Goliad,48175,January,2792,3071,16,10
Goliad,48175,February,7541,3769,14,13
Goliad,48175,March,8732,4345,12,14
Goliad,48175,April,8379,4733,4,14
Goliad,48175,May,8824,5054,11,14
Goliad,48175,June,8598,5264,7,15
Goliad,48175,July,8975,5621,5,16
Goliad,48175,August,9563,6234,15,17
Goliad,48175,September,10127,7292,21,21
Goliad,48175,October,11253,8023,24,28
Gonzales,48177,January,24042,12116,173,33
Gonzales,48177,February,62207,14306,80,50
Gonzales,48177,March,71549,15997,21,56
Gonzales,48177,April,70383,18017,11,57
Gonzales,48177,May,73713,18971,7,57
Gonzales,48177,June,72117,19579,8,57
Gonzales,48177,July,74660,20804,18,58
Gonzales,48177,August,78301,22164,81,63
Gonzales,48177,September,82025,23830,137,77
Gonzales,48177,October,88230,25673,33,83
Gray,48179,January,18790,7583,104,47
Gray,48179,February,46417,9009,76,54
Gray,48179,March,53534,10083,29,56
Gray,48179,April,57389,11249,28,58
Gray,48179,May,61726,12149,6,58
Gray,48179,June,62857,12779,2,58
Gray,48179,July,67416,13409,8,59
Gray,48179,August,70143,14509,71,62
Gray,48179,September,72984,17281,192,68
Gray,48179,October,78877,19751,80,78
Grayson,48181,January,112710,83148,450,250
Grayson,48181,February,291349,100669,203,312
Grayson,48181,March,339473,112253,54,333
Grayson,48181,April,335035,120946,34,339
Grayson,48181,May,350697,129423,18,342
Grayson,48181,June,341064,135092,11,346
Grayson,48181,July,357676,141229,64,349
Grayson,48181,August,387686,151535,267,373
Grayson,48181,September,427348,168847,380,433
Grayson,48181,October,494383,193689,183,482
Gregg,48183,January,63046,53188,3221,263
Gregg,48183,February,160174,62841,2989,330
Gregg,48183,March,184852,69065,493,352
Gregg,48183,April,181758,73711,146,355
Gregg,48183,May,191026,78103,236,359
Gregg,48183,June,187419,81505,185,361
Gregg,48183,July,197215,85347,244,365
Gregg,48183,August,218709,94858,1482,394
Gregg,48183,September,247301,111738,3386,477
Gregg,48183,October,277147,122522,1991,539
Grimes,48185,January,20532,20323,35,56
Grimes,48185,February,84570,25164,489,63
Grimes,48185,March,98123,29711,101,67
Grimes,48185,April,97317,34209,57,68
Grimes,48185,May,103974,39031,73,71
Grimes,48185,June,102201,42572,32,73
Grimes,48185,July,108041,45486,41,74
Grimes,48185,August,120610,49549,240,77
Grimes,48185,September,130296,55661,281,95
Grimes,48185,October,141624,61000,107,106
Guadalupe,48187,January,100526,61299,758,144
Guadalupe,48187,February,272544,78752,394,188
Guadalupe,48187,March,319588,89283,123,203
Guadalupe,48187,April,320420,103112,136,210
Guadalupe,48187,May,345396,113742,151,215
Guadalupe,48187,June,348631,120955,169,222
Guadalupe,48187,July,373659,127520,284,226
Guadalupe,48187,August,425931,140026,874,244
Guadalupe,48187,September,479642,158469,940,293
Guadalupe,48187,October,537811,174685,511,330
Hale,48189,January,69420,12036,189,140
Hale,48189,February,167241,13594,86,152
Hale,48189,March,187873,15349,16,153
Hale,48189,April,182790,17475,11,154
Hale,48189,May,190006,19512,11,156
Hale,48189,June,185051,21111,10,156
Hale,48189,July,192630,22170,19,157
Hale,48189,August,201627,24663,138,163
Hale,48189,September,217681,28758,245,177
Hale,48189,October,241523,32461,106,187
Hall,48191,January,3450,2505,78,12
Hall,48191,February,8803,2930,31,14
Hall,48191,March,10121,3193,5,14
Hall,48191,April,10608,3377,5,14
Hall,48191,May,11354,3555,0,14
Hall,48191,June,11731,3692,0,14
Hall,48191,July,12237,3779,2,14
Hall,48191,August,12478,3875,3,15
Hall,48191,September,12393,4079,5,15
Hall,48191,October,13068,4432,6,15
Hamilton,48193,January,6527,4639,71,22
Hamilton,48193,February,19011,5573,64,24
Hamilton,48193,March,21690,6277,13,25
Hamilton,48193,April,21196,6977,8,25
Hamilton,48193,May,22256,7595,7,26
Hamilton,48193,June,21764,7988,4,26
Hamilton,48193,July,23532,8392,23,28
Hamilton,48193,August,26628,9446,72,28
Hamilton,48193,September,31664,11583,142,29
Hamilton,48193,October,36072,12841,56,29
Hansford,48195,January,3949,2593,57,19
Hansford,48195,February,9894,3190,51,21
Hansford,48195,March,11475,3538,15,23
Hansford,48195,April,11546,3753,6,24
Hansford,48195,May,12134,3946,1,24
Hansford,48195,June,11962,4064,0,24
Hansford,48195,July,12603,4200,2,24
Hansford,48195,August,12672,4422,11,24
Hansford,48195,September,12567,4930,21,25
Hansford,48195,October,13663,5486,24,25
Hardeman,48197,January,3299,1923,6,12
Hardeman,48197,February,8450,2312,3,12
Hardeman,48197,March,9642,2554,0,12
Hardeman,48197,April,9446,2767,1,12
Hardeman,48197,May,10009,2950,1,12
Hardeman,48197,June,9763,3095,1,12
Hardeman,48197,July,10135,3175,1,12
Hardeman,48197,August,10616,3316,6,12
Hardeman,48197,September,10921,3746,4,13
Hardeman,48197,October,11919,4434,4,13
Hardin,48199,January,26649,20355,861,76
Hardin,48199,February,65674,24779,782,96
Hardin,48199,March,76944,28201,604,106
Hardin,48199,April,78639,32341,500,110
Hardin,48199,May,84812,35781,278,113
Hardin,48199,June,85016,38076,137,115
Hardin,48199,July,90371,42112,154,118
Hardin,48199,August,95504,47868,770,138
Hardin,48199,September,113887,57393,1273,181
Hardin,48199,October,129776,62653,215,207
Harris,48201,January,3606954,2995737,49472,4289
Harris,48201,February,9366972,3614731,32285,5302
Harris,48201,March,11310278,4059037,14058,5914
Harris,48201,April,11530988,4495584,10638,6257
Harris,48201,May,12292435,4943137,7373,6489
Harris,48201,June,12077839,5224180,3908,6620
Harris,48201,July,12656374,5521608,5483,6733
Harris,48201,August,14163805,6005514,37102,7236
Harris,48201,September,15872704,6720041,52126,8394
Harris,48201,October,17589741,7287633,28749,9092
Harrison,48203,January,24306,56163,732,82
Harrison,48203,February,63583,65134,873,95
Harrison,48203,March,73716,70642,781,103
Harrison,48203,April,72954,75124,172,106
Harrison,48203,May,77462,78400,53,109
Harrison,48203,June,78259,81619,25,110
Harrison,48203,July,91652,85312,82,111
Harrison,48203,August,103488,93838,572,121
Harrison,48203,September,119450,105039,872,152
Harrison,48203,October,134172,113592,271,176
Hartley,48205,January,3750,161,27,2
Hartley,48205,February,10270,214,58,2
Hartley,48205,March,15351,258,54,2
Hartley,48205,April,15505,279,6,2
Hartley,48205,May,16479,309,1,2
Hartley,48205,June,16464,330,0,2
Hartley,48205,July,17223,349,3,2
Hartley,48205,August,17895,374,13,2
Hartley,48205,September,18583,409,31,2
Hartley,48205,October,20251,452,17,2
Haskell,48207,January,2152,1988,10,21
Haskell,48207,February,5392,2373,4,25
Haskell,48207,March,6102,2571,1,27
Haskell,48207,April,6000,2733,0,27
Haskell,48207,May,6204,2867,0,27
Haskell,48207,June,6236,2983,0,27
Haskell,48207,July,6541,3130,1,28
Haskell,48207,August,6627,3354,3,28
Haskell,48207,September,6757,3767,9,30
Haskell,48207,October,7730,4290,8,31
Hays,48209,January,171110,170588,2580,144
Hays,48209,February,439829,213429,1446,180
Hays,48209,March,518841,239682,476,200
Hays,48209,April,530483,266188,523,206
Hays,48209,May,578710,290858,369,214
Hays,48209,June,569264,306546,141,223
Hays,48209,July,605419,320513,399,228
Hays,48209,August,709480,353041,1973,258
Hays,48209,September,812249,404345,1827,305
Hays,48209,October,903778,445245,720,342
Hemphill,48211,January,5544,1038,98,2
Hemphill,48211,February,13965,1312,35,2
Hemphill,48211,March,15638,1430,4,2
Hemphill,48211,April,15642,1496,4,2
Hemphill,48211,May,16689,1571,1,2
Hemphill,48211,June,16217,1635,0,3
Hemphill,48211,July,16897,1671,3,3
Hemphill,48211,August,17283,1720,8,3
Hemphill,48211,September,17712,1852,24,3
Hemphill,48211,October,19336,2004,15,3
Henderson,48213,January,38771,26690,1710,121
Henderson,48213,February,100050,30920,1626,163
Henderson,48213,March,116732,34383,452,181
Henderson,48213,April,115286,37356,125,187
Henderson,48213,May,122228,40058,178,192
Henderson,48213,June,119966,42070,103,195
Henderson,48213,July,126456,44581,117,199
Henderson,48213,August,143278,51274,691,222
Henderson,48213,September,171113,60945,1498,296
Henderson,48213,October,194835,68107,912,332
Hidalgo,48215,January,504357,387735,2093,2137
Hidalgo,48215,February,1334988,469625,2142,2361
Hidalgo,48215,March,1666757,542479,2219,2480
Hidalgo,48215,April,1720072,617072,1688,2535
Hidalgo,48215,May,1833347,691879,990,2584
Hidalgo,48215,June,1809683,748749,198,2616
Hidalgo,48215,July,1910475,801169,1344,2648
Hidalgo,48215,August,1997972,879469,5079,2776
Hidalgo,48215,September,2008946,991953,3888,3001
Hidalgo,48215,October,2113551,1076920,1789,3105
Hill,48217,January,24151,31205,169,64
Hill,48217,February,100086,34856,617,96
Hill,48217,March,114115,37382,89,105
Hill,48217,April,112492,39488,44,107
Hill,48217,May,117617,41286,36,108
Hill,48217,June,114553,42326,20,110
Hill,48217,July,119476,44025,36,111
Hill,48217,August,124918,46359,205,119
Hill,48217,September,130523,50647,281,140
Hill,48217,October,141059,54671,133,158
Hockley,48219,January,22487,8558,109,94
Hockley,48219,February,55996,9571,79,98
Hockley,48219,March,64806,10485,39,100
Hockley,48219,April,70077,11366,47,102
Hockley,48219,May,75777,12258,5,103
Hockley,48219,June,77390,12840,5,103
Hockley,48219,July,83137,13215,24,106
Hockley,48219,August,88799,14376,108,115
Hockley,48219,September,96432,16926,192,126
Hockley,48219,October,107834,18993,104,131
Hood,48221,January,43652,40418,221,97
Hood,48221,February,111823,47861,95,116
Hood,48221,March,130197,52507,35,123
Hood,48221,April,128356,56662,12,128
Hood,48221,May,134399,60070,15,132
Hood,48221,June,131001,62897,12,135
Hood,48221,July,138226,66718,68,138
Hood,48221,August,149563,74067,163,151
Hood,48221,September,164378,82895,199,176
Hood,48221,October,181828,89181,95,197
Hopkins,48223,January,16113,16153,162,93
Hopkins,48223,February,40903,18919,186,101
Hopkins,48223,March,47796,20694,149,107
Hopkins,48223,April,47578,22105,37,109
Hopkins,48223,May,50500,24274,34,112
Hopkins,48223,June,50962,25299,26,114
Hopkins,48223,July,59979,26979,35,114
Hopkins,48223,August,68538,29452,231,123
Hopkins,48223,September,81391,33322,391,137
Hopkins,48223,October,94575,36713,181,145
Houston,48225,January,9436,14150,124,33
Houston,48225,February,23573,15928,83,41
Houston,48225,March,26993,17459,57,49
Houston,48225,April,26533,18901,17,51
Houston,48225,May,29287,20288,19,55
Houston,48225,June,28380,21059,16,58
Houston,48225,July,32317,22371,33,59
Houston,48225,August,34487,23932,128,62
Houston,48225,September,37925,26566,206,73
Houston,48225,October,41353,28646,84,79
Howard,48227,January,33458,14397,243,92
Howard,48227,February,82798,17679,132,99
Howard,48227,March,92758,19911,41,100
Howard,48227,April,90346,21437,38,101
Howard,48227,May,94088,22766,33,101
Howard,48227,June,91335,23645,19,103
Howard,48227,July,94717,25166,18,103
Howard,48227,August,96387,26653,167,108
Howard,48227,September,96599,29805,272,122
Howard,48227,October,102117,34683,117,134
Hudspeth,48229,January,5459,2449,31,10
Hudspeth,48229,February,11630,3021,10,12
Hudspeth,48229,March,13238,3384,8,12
Hudspeth,48229,April,13080,3606,4,12
Hudspeth,48229,May,14148,3767,11,12
Hudspeth,48229,June,13812,3858,2,12
Hudspeth,48229,July,14326,3943,2,12
Hudspeth,48229,August,14605,4143,6,12
Hudspeth,48229,September,14480,4448,11,13
Hudspeth,48229,October,15124,4649,4,14
Hunt,48231,January,56798,63061,831,116
Hunt,48231,February,145197,76028,1274,144
Hunt,48231,March,166307,83627,701,161
Hunt,48231,April,163299,90436,42,167
Hunt,48231,May,160161,97126,58,173
Hunt,48231,June,157440,101226,39,179
Hunt,48231,July,167227,106829,74,181
Hunt,48231,August,188709,119913,358,197
Hunt,48231,September,225769,139791,586,248
Hunt,48231,October,259128,156324,239,290
Hutchinson,48233,January,10979,9475,104,61
Hutchinson,48233,February,28645,11490,87,69
Hutchinson,48233,March,34457,12779,29,70
Hutchinson,48233,April,42713,13761,39,71
Hutchinson,48233,May,47892,14784,8,71
Hutchinson,48233,June,52636,15353,5,72
Hutchinson,48233,July,59653,15986,15,72
Hutchinson,48233,August,65142,17119,84,73
Hutchinson,48233,September,71690,19166,186,81
Hutchinson,48233,October,83963,21307,127,87
Irion,48235,January,474,462,13,1
Irion,48235,February,1257,568,13,1
Irion,48235,March,1518,644,8,1
Irion,48235,April,1560,689,2,1
Irion,48235,May,1612,721,2,1
Irion,48235,June,1560,746,1,1
Irion,48235,July,1612,769,1,1
Irion,48235,August,1726,848,11,1
Irion,48235,September,1759,1031,14,2
Irion,48235,October,1881,1146,7,2
Jack,48237,January,5829,1558,31,13
Jack,48237,February,14446,1903,7,14
Jack,48237,March,16260,2187,3,16
Jack,48237,April,15606,2521,1,16
Jack,48237,May,16151,2844,1,16
Jack,48237,June,15391,3236,0,16
Jack,48237,July,15774,3588,5,16
Jack,48237,August,17502,4019,13,17
Jack,48237,September,19890,4669,15,19
Jack,48237,October,23919,5433,15,20
Jackson,48239,January,15483,6293,83,25
Jackson,48239,February,39445,7326,40,30
Jackson,48239,March,45302,8327,14,31
Jackson,48239,April,45453,9073,16,31
Jackson,48239,May,48748,9656,14,31
Jackson,48239,June,48187,10051,10,31
Jackson,48239,July,50401,10514,13,31
Jackson,48239,August,55391,11854,102,35
Jackson,48239,September,64620,14023,188,46
Jackson,48239,October,72647,15495,43,50
Jasper,48241,January,9728,14038,108,60
Jasper,48241,February,24908,16605,49,79
Jasper,48241,March,28885,18654,17,85
Jasper,48241,April,28968,20717,24,90
Jasper,48241,May,30644,22660,10,92
Jasper,48241,June,30380,24065,11,93
Jasper,48241,July,32336,25887,36,95
Jasper,48241,August,36221,29308,189,107
Jasper,48241,September,41672,34982,261,135
Jasper,48241,October,47088,39691,43,153
Jeff Davis,48243,January,1313,1516,11,2
Jeff Davis,48243,February,3494,1854,30,4
Jeff Davis,48243,March,4519,2038,10,5
Jeff Davis,48243,April,4482,2094,2,5
Jeff Davis,48243,May,4670,2131,2,5
Jeff Davis,48243,June,4530,2142,1,6
Jeff Davis,48243,July,4716,2158,1,6
Jeff Davis,48243,August,4743,2193,1,6
Jeff Davis,48243,September,4618,2249,2,6
Jeff Davis,48243,October,4911,2302,4,6
Jefferson,48245,January,198910,152459,3438,309
Jefferson,48245,February,496027,175530,2504,364
Jefferson,48245,March,575935,193320,866,406
Jefferson,48245,April,576589,210811,590,429
Jefferson,48245,May,610758,226125,522,438
Jefferson,48245,June,599375,237071,413,443
Jefferson,48245,July,644603,246299,590,449
Jefferson,48245,August,737130,264658,2760,506
Jefferson,48245,September,867965,294481,5249,630
Jefferson,48245,October,971924,317058,4021,695
Jim Hogg,48247,January,6057,9646,126,14
Jim Hogg,48247,February,15629,14762,51,14
Jim Hogg,48247,March,17753,16692,4,15
Jim Hogg,48247,April,17292,17517,2,16
Jim Hogg,48247,May,17976,18172,2,16
Jim Hogg,48247,June,17567,18589,3,16
Jim Hogg,48247,July,18248,18804,2,17
Jim Hogg,48247,August,18544,20172,48,17
Jim Hogg,48247,September,18632,24861,78,19
Jim Hogg,48247,October,19504,27561,20,20
Jim Wells,48249,January,37499,49672,493,76
Jim Wells,48249,February,94319,59140,202,88
Jim Wells,48249,March,109812,65564,109,96
Jim Wells,48249,April,108854,70768,68,99
Jim Wells,48249,May,115298,75511,59,104
Jim Wells,48249,June,113346,78350,40,108
Jim Wells,48249,July,119988,80839,83,109
Jim Wells,48249,August,139567,88677,603,125
Jim Wells,48249,September,160607,99316,562,162
Jim Wells,48249,October,175851,107454,170,176
Johnson,48251,January,168395,99152,801,260
Johnson,48251,February,434463,117779,309,328
Johnson,48251,March,505093,128905,120,356
Johnson,48251,April,498940,138529,57,363
Johnson,48251,May,520134,147145,39,367
Johnson,48251,June,508645,153669,38,374
Johnson,48251,July,531986,161844,115,380
Johnson,48251,August,569088,175410,430,409
Johnson,48251,September,616503,196008,519,467
Johnson,48251,October,694551,215822,312,535
Jones,48253,January,24623,6446,203,40
Jones,48253,February,57848,7745,124,50
Jones,48253,March,63913,8523,66,54
Jones,48253,April,59587,9232,24,55
Jones,48253,May,59197,10071,3,55
Jones,48253,June,56762,10758,4,55
Jones,48253,July,57970,11445,4,56
Jones,48253,August,60564,12518,75,59
Jones,48253,September,61573,14693,96,66
Jones,48253,October,67959,16599,155,72
Karnes,48255,January,16958,13228,48,27
Karnes,48255,February,42984,15804,44,32
Karnes,48255,March,49770,17715,23,36
Karnes,48255,April,52485,19665,41,36
Karnes,48255,May,58495,21457,64,37
Karnes,48255,June,61208,23136,68,37
Karnes,48255,July,69675,24015,139,37
Karnes,48255,August,83148,26062,188,44
Karnes,48255,September,92559,29686,167,54
Karnes,48255,October,105079,31940,116,56
Kaufman,48257,January,130646,86185,570,177
Kaufman,48257,February,340454,103742,339,221
Kaufman,48257,March,399110,115316,120,243
Kaufman,48257,April,394888,124853,67,255
Kaufman,48257,May,416068,133988,69,261
Kaufman,48257,June,407556,141007,52,266
Kaufman,48257,July,427348,148025,120,270
Kaufman,48257,August,465417,161814,438,299
Kaufman,48257,September,520833,184872,505,372
Kaufman,48257,October,583659,203459,266,413
Kendall,48259,January,15092,20502,176,49
Kendall,48259,February,42090,26092,112,61
Kendall,48259,March,50456,30210,41,70
Kendall,48259,April,50299,34231,22,72
Kendall,48259,May,54208,37288,26,72
Kendall,48259,June,54385,39697,11,72
Kendall,48259,July,57959,41966,45,73
Kendall,48259,August,66661,46418,160,78
Kendall,48259,September,75546,52990,183,90
Kendall,48259,October,85867,58386,102,99
Kenedy,48261,January,192,170,3,2
Kenedy,48261,February,465,200,2,2
Kenedy,48261,March,534,218,1,2
Kenedy,48261,April,556,246,1,2
Kenedy,48261,May,620,277,1,2
Kenedy,48261,June,600,290,0,2
Kenedy,48261,July,628,303,0,2
Kenedy,48261,August,753,328,4,2
Kenedy,48261,September,913,364,5,2
Kenedy,48261,October,992,382,1,2
Kent,48263,January,408,440,1,1
Kent,48263,February,979,509,1,1
Kent,48263,March,1181,577,5,2
Kent,48263,April,1230,641,1,2
Kent,48263,May,1271,685,0,2
Kent,48263,June,1230,713,0,2
Kent,48263,July,1271,770,0,2
Kent,48263,August,1375,818,2,2
Kent,48263,September,1358,914,1,3
Kent,48263,October,1442,1131,1,3
Kerr,48265,January,23027,36481,228,67
Kerr,48265,February,58722,43293,138,84
Kerr,48265,March,67877,47662,41,86
Kerr,48265,April,66984,51595,30,89
Kerr,48265,May,72705,54376,43,90
Kerr,48265,June,74667,56522,26,91
Kerr,48265,July,79481,58852,58,94
Kerr,48265,August,86977,63685,176,101
Kerr,48265,September,93443,71727,217,116
Kerr,48265,October,105765,79359,166,132
Kimble,48267,January,2335,1631,25,6
Kimble,48267,February,5581,1798,13,6
Kimble,48267,March,6396,1896,4,6
Kimble,48267,April,6220,2025,1,6
Kimble,48267,May,6554,2190,7,6
Kimble,48267,June,6766,2336,10,7
Kimble,48267,July,7145,2432,5,7
Kimble,48267,August,7934,2663,25,9
Kimble,48267,September,8352,3007,34,11
Kimble,48267,October,8809,3263,19,11
King,48269,January,82,54,4,0
King,48269,February,195,65,1,0
King,48269,March,155,69,0,0
King,48269,April,151,73,0,0
King,48269,May,155,77,0,0
King,48269,June,150,79,0,0
King,48269,July,155,81,0,0
King,48269,August,155,90,0,0
King,48269,September,166,100,1,0
King,48269,October,253,114,1,0
Kinney,48271,January,3503,1566,31,4
Kinney,48271,February,9017,1978,5,6
Kinney,48271,March,10046,2135,0,6
Kinney,48271,April,9803,2292,1,6
Kinney,48271,May,10290,2450,2,6
Kinney,48271,June,10029,2570,0,6
Kinney,48271,July,10391,2677,2,6
Kinney,48271,August,10820,2862,7,7
Kinney,48271,September,12000,3438,27,8
Kinney,48271,October,13647,3760,10,9
Kleberg,48273,January,19442,26592,274,68
Kleberg,48273,February,49200,31725,165,83
Kleberg,48273,March,56937,35100,74,89
Kleberg,48273,April,57188,37920,67,93
Kleberg,48273,May,60554,40100,30,93
Kleberg,48273,June,59258,41488,14,94
Kleberg,48273,July,62468,42838,57,95
Kleberg,48273,August,73422,47287,391,105
Kleberg,48273,September,84034,53424,326,123
Kleberg,48273,October,91885,56323,91,127
Knox,48275,January,1871,2197,3,14
Knox,48275,February,4748,2661,2,17
Knox,48275,March,5315,3091,0,18
Knox,48275,April,5147,3279,0,18
Knox,48275,May,5329,3380,1,18
Knox,48275,June,5183,3432,0,18
Knox,48275,July,5403,3481,1,18
Knox,48275,August,5448,3686,1,19
Knox,48275,September,5416,4389,2,20
Knox,48275,October,6288,5624,6,21
La Salle,48277,January,28439,5984,62,23
La Salle,48277,February,70189,6820,48,27
La Salle,48277,March,80843,7365,7,29
La Salle,48277,April,79499,7942,1,29
La Salle,48277,May,82855,8352,3,29
La Salle,48277,June,81452,8688,2,30
La Salle,48277,July,85240,9055,8,30
La Salle,48277,August,88556,9642,12,32
La Salle,48277,September,94827,11003,33,37
La Salle,48277,October,106175,12394,17,40
Lamar,48279,January,17106,20059,777,121
Lamar,48279,February,42146,23442,325,145
Lamar,48279,March,48362,26551,127,153
Lamar,48279,April,51823,28686,36,155
Lamar,48279,May,56248,30165,32,156
Lamar,48279,June,57139,31347,48,157
Lamar,48279,July,60474,33291,62,159
Lamar,48279,August,63882,36349,281,166
Lamar,48279,September,66999,42293,847,184
Lamar,48279,October,71334,46595,408,204
Lamb,48281,January,10864,7600,92,78
Lamb,48281,February,46302,8687,52,82
Lamb,48281,March,54396,9668,25,82
Lamb,48281,April,54221,10505,30,83
Lamb,48281,May,57406,11220,13,83
Lamb,48281,June,56066,11702,5,83
Lamb,48281,July,59562,12338,12,83
Lamb,48281,August,68629,13447,79,85
Lamb,48281,September,81846,14998,67,87
Lamb,48281,October,91295,16053,20,89
Lampasas,48283,January,7457,14369,187,19
Lampasas,48283,February,18794,17170,422,29
Lampasas,48283,March,27218,19189,63,32
Lampasas,48283,April,27185,20866,34,32
Lampasas,48283,May,28160,22429,23,33
Lampasas,48283,June,26467,23482,9,33
Lampasas,48283,July,27115,24517,53,34
Lampasas,48283,August,27785,26870,215,41
Lampasas,48283,September,29035,30860,337,57
Lampasas,48283,October,30863,33387,113,64
Lavaca,48285,January,20727,10644,78,63
Lavaca,48285,February,50961,12631,45,71
Lavaca,48285,March,58436,13977,29,74
Lavaca,48285,April,58457,15529,17,76
Lavaca,48285,May,61775,16913,15,76
Lavaca,48285,June,60767,17879,7,76
Lavaca,48285,July,63150,19229,13,76
Lavaca,48285,August,65616,21084,77,79
Lavaca,48285,September,67477,24421,81,91
Lavaca,48285,October,71593,27063,24,96
Lee,48287,January,6141,7494,176,35
Lee,48287,February,25268,9238,313,36
Lee,48287,March,30218,10327,96,37
Lee,48287,April,29980,11251,34,39
Lee,48287,May,31756,12213,29,39
Lee,48287,June,31127,12895,11,39
Lee,48287,July,32665,13367,26,40
Lee,48287,August,35643,14200,136,42
Lee,48287,September,38580,15788,137,47
Lee,48287,October,43070,17251,90,50
Leon,48289,January,8050,8321,77,31
Leon,48289,February,33078,9840,214,38
Leon,48289,March,38122,10957,42,42
Leon,48289,April,37778,12049,22,43
Leon,48289,May,39555,13221,14,43
Leon,48289,June,38437,14010,5,43
Leon,48289,July,40253,14659,20,43
Leon,48289,August,44446,16090,122,47
Leon,48289,September,50512,18836,213,58
Leon,48289,October,56329,20774,79,67
Liberty,48291,January,53277,41389,511,128
Liberty,48291,February,143712,50700,431,160
Liberty,48291,March,172580,56600,84,173
Liberty,48291,April,173345,62171,72,180
Liberty,48291,May,186888,68707,46,188
Liberty,48291,June,183455,73273,3,198
Liberty,48291,July,194644,77525,73,206
Liberty,48291,August,221031,84689,493,237
Liberty,48291,September,261712,96488,669,307
Liberty,48291,October,290891,104569,150,344
Limestone,48293,January,14397,24245,125,44
Limestone,48293,February,55714,30305,432,63
Limestone,48293,March,64671,34725,67,72
Limestone,48293,April,63204,38236,36,75
Limestone,48293,May,66700,41503,36,79
Limestone,48293,June,65038,44120,13,80
Limestone,48293,July,68332,45405,44,81
Limestone,48293,August,72728,48844,130,87
Limestone,48293,September,74849,56071,187,102
Limestone,48293,October,80264,62521,78,110
Lipscomb,48295,January,2910,300,25,11
Lipscomb,48295,February,7454,447,20,12
Lipscomb,48295,March,8592,517,5,12
Lipscomb,48295,April,8859,641,8,12
Lipscomb,48295,May,9585,809,1,12
Lipscomb,48295,June,9471,847,0,12
Lipscomb,48295,July,9815,888,1,12
Lipscomb,48295,August,9974,939,3,12
Lipscomb,48295,September,9888,1013,5,12
Lipscomb,48295,October,10567,1156,6,12
Live Oak,48297,January,9526,4754,128,18
Live Oak,48297,February,23494,5760,59,20
Live Oak,48297,March,26783,6500,14,21
Live Oak,48297,April,26043,7045,5,22
Live Oak,48297,May,27182,7636,6,22
Live Oak,48297,June,26400,8110,9,22
Live Oak,48297,July,27531,8603,13,22
Live Oak,48297,August,30630,10501,98,25
Live Oak,48297,September,35334,13046,301,33
Live Oak,48297,October,39737,14954,169,38
Llano,48299,January,7034,8393,150,34
Llano,48299,February,28455,9692,262,46
Llano,48299,March,34249,11323,72,49
Llano,48299,April,34598,12492,32,51
Llano,48299,May,36815,13557,26,51
Llano,48299,June,35933,14398,8,53
Llano,48299,July,38490,15180,38,54
Llano,48299,August,44640,16773,193,58
Llano,48299,September,50260,19007,171,66
Llano,48299,October,56432,20909,87,73
Loving,48301,January,12,25,0,0
Loving,48301,February,28,28,0,0
Loving,48301,March,31,32,0,0
Loving,48301,April,30,40,0,0
Loving,48301,May,31,51,0,0
Loving,48301,June,30,55,0,0
Loving,48301,July,52,58,1,0
Loving,48301,August,76,68,0,0
Loving,48301,September,139,79,0,0
Loving,48301,October,155,84,0,0
Lubbock,48303,January,555817,231816,2347,683
Lubbock,48303,February,1335154,257573,817,761
Lubbock,48303,March,1499483,280137,188,778
Lubbock,48303,April,1461714,299242,119,784
Lubbock,48303,May,1523347,316546,146,791
Lubbock,48303,June,1482831,328158,149,797
Lubbock,48303,July,1547172,338486,438,801
Lubbock,48303,August,1655577,363341,2735,829
Lubbock,48303,September,1827887,410092,4834,919
Lubbock,48303,October,2009585,445053,2207,994
Lynn,48305,January,7052,3550,18,17
Lynn,48305,February,16904,4118,6,22
Lynn,48305,March,18894,4646,3,23
Lynn,48305,April,18500,5215,1,23
Lynn,48305,May,19219,5662,1,23
Lynn,48305,June,18760,5935,2,24
Lynn,48305,July,19515,6160,2,24
Lynn,48305,August,20311,6553,17,25
Lynn,48305,September,22628,7256,38,26
Lynn,48305,October,25602,7819,14,27
Madison,48307,January,4359,10863,47,21
Madison,48307,February,10481,12263,172,25
Madison,48307,March,12319,13586,46,28
Madison,48307,April,12248,14780,16,29
Madison,48307,May,12791,16070,17,29
Madison,48307,June,12467,17006,5,31
Madison,48307,July,13065,17730,14,32
Madison,48307,August,13688,19067,89,34
Madison,48307,September,15144,20932,107,41
Madison,48307,October,16897,22687,54,43
Marion,48309,January,273127,2894,92,23
Marion,48309,February,675656,3824,114,28
Marion,48309,March,793819,4491,101,33
Marion,48309,April,794773,4946,21,33
Marion,48309,May,844925,5252,4,33
Marion,48309,June,829688,5436,5,33
Marion,48309,July,869951,5732,14,33
Marion,48309,August,963594,6223,65,35
Marion,48309,September,1141814,7059,147,44
Marion,48309,October,1290533,7756,47,49
Martin,48311,January,692,1439,9,18
Martin,48311,February,1690,1638,24,18
Martin,48311,March,1966,1799,3,18
Martin,48311,April,1920,1951,8,18
Martin,48311,May,1993,2098,3,19
Martin,48311,June,1961,2197,7,19
Martin,48311,July,2057,2329,7,19
Martin,48311,August,2269,2516,33,20
Martin,48311,September,2508,2834,48,21
Martin,48311,October,2827,3082,17,24
Mason,48313,January,12210,1844,43,4
Mason,48313,February,45655,2080,25,5
Mason,48313,March,51838,2264,9,6
Mason,48313,April,50904,2398,1,6
Mason,48313,May,53257,2583,10,6
Mason,48313,June,51739,2743,7,6
Mason,48313,July,53919,2852,3,6
Mason,48313,August,57291,3016,9,6
Mason,48313,September,60420,3389,28,7
Mason,48313,October,65080,3800,39,7
Matagorda,48315,January,3566,22705,188,76
Matagorda,48315,February,9116,28609,124,90
Matagorda,48315,March,10511,32126,70,96
Matagorda,48315,April,10365,35571,126,104
Matagorda,48315,May,10901,39165,77,112
Matagorda,48315,June,11087,40689,5,114
Matagorda,48315,July,13241,42473,22,115
Matagorda,48315,August,14687,45253,191,120
Matagorda,48315,September,17809,50053,269,144
Matagorda,48315,October,20678,53167,62,155
Maverick,48317,January,3908,44371,1471,253
Maverick,48317,February,9878,54347,1329,321
Maverick,48317,March,11189,60439,898,349
Maverick,48317,April,10713,66214,312,358
Maverick,48317,May,10953,71225,8,360
Maverick,48317,June,10711,75396,18,363
Maverick,48317,July,11258,78741,49,369
Maverick,48317,August,12187,85103,222,374
Maverick,48317,September,12939,93850,176,393
Maverick,48317,October,13910,100072,94,405
McCulloch,48319,January,2572,2696,30,13
McCulloch,48319,February,6292,3079,29,16
McCulloch,48319,March,7550,3436,19,19
McCulloch,48319,April,7245,3706,5,19
McCulloch,48319,May,7492,3956,6,19
McCulloch,48319,June,7412,4168,5,21
McCulloch,48319,July,7622,4433,8,21
McCulloch,48319,August,7734,4967,35,21
McCulloch,48319,September,7829,5901,104,27
McCulloch,48319,October,8590,6541,36,36
McLennan,48321,January,28986,222327,919,366
McLennan,48321,February,74697,248423,476,438
McLennan,48321,March,89022,268534,202,464
McLennan,48321,April,95379,292938,191,472
McLennan,48321,May,106672,325458,139,477
McLennan,48321,June,105647,339901,74,481
McLennan,48321,July,111166,352601,167,491
McLennan,48321,August,121640,379239,1029,529
McLennan,48321,September,140786,442891,1576,638
McLennan,48321,October,154996,498391,409,717
McMullen,48323,January,105868,342,5,3
McMullen,48323,February,277705,406,4,4
McMullen,48323,March,318422,445,1,5
McMullen,48323,April,311733,477,1,5
McMullen,48323,May,323728,493,0,5
McMullen,48323,June,324467,508,1,5
McMullen,48323,July,334828,533,0,5
McMullen,48323,August,351345,580,3,5
McMullen,48323,September,361726,662,6,7
McMullen,48323,October,383862,724,2,8
Medina,48325,January,31797,22308,205,70
Medina,48325,February,92460,28154,113,94
Medina,48325,March,114577,31743,31,104
Medina,48325,April,112654,36206,25,106
Medina,48325,May,118640,39245,29,107
Medina,48325,June,108352,41365,19,109
Medina,48325,July,108680,43498,56,109
Medina,48325,August,121621,47252,231,123
Medina,48325,September,134353,52916,263,145
Medina,48325,October,147524,58152,111,163
Menard,48327,January,1597,1951,20,5
Menard,48327,February,3903,2221,9,8
Menard,48327,March,4409,2298,1,9
Menard,48327,April,4260,2389,0,9
Menard,48327,May,4402,2473,2,9
Menard,48327,June,4268,2515,1,9
Menard,48327,July,4438,2784,3,9
Menard,48327,August,4903,3220,24,9
Menard,48327,September,5107,3661,32,10
Menard,48327,October,5478,3940,13,11
Midland,48329,January,173852,62832,2200,217
Midland,48329,February,447620,74047,1287,244
Midland,48329,March,517863,82951,400,261
Midland,48329,April,514136,91592,238,266
Midland,48329,May,543611,98805,215,270
Midland,48329,June,532615,103824,106,273
Midland,48329,July,555950,109403,120,275
Midland,48329,August,594779,119557,901,295
Midland,48329,September,689299,137362,2290,335
Midland,48329,October,780876,150801,1061,363
Milam,48331,January,13613,15679,69,26
Milam,48331,February,35655,19121,117,39
Milam,48331,March,42182,21477,23,45
Milam,48331,April,42131,23522,14,47
Milam,48331,May,44921,25415,9,49
Milam,48331,June,44105,26379,7,49
Milam,48331,July,46935,27419,21,52
Milam,48331,August,53078,29497,158,58
Milam,48331,September,58872,33205,203,71
Milam,48331,October,64166,35883,26,82
Mills,48333,January,4319,4132,91,18
Mills,48333,February,15371,4812,102,20
Mills,48333,March,18126,5312,21,21
Mills,48333,April,17716,6021,4,21
Mills,48333,May,18425,6467,2,21
Mills,48333,June,17871,6658,1,21
Mills,48333,July,18526,6837,2,21
Mills,48333,August,19723,7368,31,23
Mills,48333,September,20969,8453,44,26
Mills,48333,October,22928,9318,33,27
Mitchell,48335,January,6654,5467,25,24
Mitchell,48335,February,16068,6188,6,29
Mitchell,48335,March,18350,6850,7,30
Mitchell,48335,April,17991,7576,2,30
Mitchell,48335,May,18753,8163,2,31
Mitchell,48335,June,18267,8686,1,31
Mitchell,48335,July,19013,9154,3,31
Mitchell,48335,August,20890,9867,34,32
Mitchell,48335,September,24811,11330,56,35
Mitchell,48335,October,27901,12775,17,39
Montague,48337,January,18547,10337,44,51
Montague,48337,February,46367,11995,24,64
Montague,48337,March,53398,13191,12,69
Montague,48337,April,52465,14225,4,71
Montague,48337,May,54633,15327,3,71
Montague,48337,June,53437,16156,4,73
Montague,48337,July,56016,16727,13,73
Montague,48337,August,60635,18080,47,75
Montague,48337,September,69323,20664,68,83
Montague,48337,October,79636,22682,34,91
Montgomery,48339,January,372815,280940,6904,363
Montgomery,48339,February,989024,340112,4650,463
Montgomery,48339,March,1193440,384040,2299,515
Montgomery,48339,April,1232346,431981,1750,554
Montgomery,48339,May,1334333,490381,1331,584
Montgomery,48339,June,1321690,524802,864,601
Montgomery,48339,July,1398327,554453,1149,615
Montgomery,48339,August,1600606,610836,7282,694
Montgomery,48339,September,1872008,696621,12094,912
Montgomery,48339,October,2084920,754609,4797,1051
Moore,48341,January,22436,7705,37,65
Moore,48341,February,53268,8823,37,69
Moore,48341,March,60954,9553,29,72
Moore,48341,April,62082,10157,18,72
Moore,48341,May,68872,10687,3,73
Moore,48341,June,67720,11084,3,73
Moore,48341,July,70511,11509,25,74
Moore,48341,August,72646,12040,81,77
Moore,48341,September,72768,12995,109,81
Moore,48341,October,77398,14410,66,85
Morris,48343,January,5846,6871,102,20
Morris,48343,February,15248,8419,130,29
Morris,48343,March,17612,9638,94,33
Morris,48343,April,17221,10526,19,33
Morris,48343,May,18120,11033,8,34
Morris,48343,June,18153,11589,6,34
Morris,48343,July,20393,12155,32,36
Morris,48343,August,23441,13113,98,40
Morris,48343,September,27639,15081,158,48
Morris,48343,October,31233,16456,53,53
Motley,48345,January,405,503,3,7
Motley,48345,February,970,548,1,8
Motley,48345,March,1136,588,1,8
Motley,48345,April,1433,630,3,8
Motley,48345,May,1688,672,0,8
Motley,48345,June,1688,691,0,8
Motley,48345,July,1784,713,1,8
Motley,48345,August,1862,755,1,8
Motley,48345,September,1848,809,2,8
Motley,48345,October,2061,911,4,9
Nacogdoches,48347,January,33986,34882,320,123
Nacogdoches,48347,February,85472,40488,283,152
Nacogdoches,48347,March,100475,45515,257,165
Nacogdoches,48347,April,100237,50521,68,169
Nacogdoches,48347,May,105804,55967,53,172
Nacogdoches,48347,June,106608,58517,23,174
Nacogdoches,48347,July,123821,60647,35,175
Nacogdoches,48347,August,133925,64674,311,181
Nacogdoches,48347,September,151617,72679,645,208
Nacogdoches,48347,October,171042,79178,280,226
Navarro,48349,January,38329,26945,734,100
Navarro,48349,February,93336,30514,296,130
Navarro,48349,March,105276,33327,87,139
Navarro,48349,April,102850,36056,58,141
Navarro,48349,May,107477,39083,69,143
Navarro,48349,June,104498,41243,47,146
Navarro,48349,July,108864,43253,67,147
Navarro,48349,August,115533,48294,496,153
Navarro,48349,September,122447,55813,702,172
Navarro,48349,October,132099,62130,298,185
Newton,48351,January,2944,4198,33,25
Newton,48351,February,7635,5133,13,35
Newton,48351,March,8823,5907,3,36
Newton,48351,April,8886,6521,8,36
Newton,48351,May,9347,7065,3,38
Newton,48351,June,9274,7399,1,39
Newton,48351,July,9699,7873,7,39
Newton,48351,August,10259,8841,35,43
Newton,48351,September,11447,10513,59,48
Newton,48351,October,12654,11559,9,51
Nolan,48353,January,17291,7810,258,41
Nolan,48353,February,41472,9192,112,50
Nolan,48353,March,46841,11026,10,51
Nolan,48353,April,45802,11982,1,51
Nolan,48353,May,47724,12486,4,51
Nolan,48353,June,46408,12733,1,52
Nolan,48353,July,48450,13135,9,53
Nolan,48353,August,52462,13928,67,55
Nolan,48353,September,65490,15184,175,65
Nolan,48353,October,75404,16279,38,77
Nueces,48355,January,286649,221213,2969,572
Nueces,48355,February,707288,257094,2065,641
Nueces,48355,March,807350,284059,983,679
Nueces,48355,April,802360,309675,1101,699
Nueces,48355,May,848487,332657,853,712
Nueces,48355,June,832895,351690,557,725
Nueces,48355,July,877111,370158,805,736
Nueces,48355,August,1032991,410042,5076,816
Nueces,48355,September,1199007,461532,4182,994
Nueces,48355,October,1292805,496291,1126,1072
Ochiltree,48357,January,10643,640,47,20
Ochiltree,48357,February,25596,870,24,24
Ochiltree,48357,March,29018,1036,12,26
Ochiltree,48357,April,29508,1178,20,26
Ochiltree,48357,May,31805,1366,11,27
Ochiltree,48357,June,31225,1441,1,28
Ochiltree,48357,July,32768,1527,5,28
Ochiltree,48357,August,34126,1715,24,29
Ochiltree,48357,September,35146,1952,40,32
Ochiltree,48357,October,39766,2297,63,35
Oldham,48359,January,1121,731,23,4
Oldham,48359,February,2935,1054,33,4
Oldham,48359,March,3629,1342,5,4
Oldham,48359,April,3981,1489,3,4
Oldham,48359,May,4476,1571,1,4
Oldham,48359,June,4675,1649,0,4
Oldham,48359,July,4889,1756,0,4
Oldham,48359,August,4983,1856,2,4
Oldham,48359,September,4991,2033,7,5
Oldham,48359,October,5500,2340,6,6
Orange,48361,January,41758,29150,1216,92
Orange,48361,February,103786,35465,1117,113
Orange,48361,March,121737,41060,463,135
Orange,48361,April,121800,46354,465,146
Orange,48361,May,129373,50501,269,150
Orange,48361,June,128212,53430,87,153
Orange,48361,July,134924,56083,152,156
Orange,48361,August,141288,61593,739,179
Orange,48361,September,152197,71549,1091,249
Orange,48361,October,166939,77327,250,284
Palo Pinto,48363,January,26094,13475,95,55
Palo Pinto,48363,February,65547,16079,39,67
Palo Pinto,48363,March,75440,17997,13,71
Palo Pinto,48363,April,74366,19544,8,74
Palo Pinto,48363,May,77459,20664,4,75
Palo Pinto,48363,June,75404,21414,7,76
Palo Pinto,48363,July,79549,22555,18,78
Palo Pinto,48363,August,88187,24912,101,84
Palo Pinto,48363,September,108931,29822,128,102
Palo Pinto,48363,October,124682,33312,52,116
Panola,48365,January,10087,8609,140,51
Panola,48365,February,25600,10693,141,66
Panola,48365,March,29676,12372,98,74
Panola,48365,April,29210,13309,23,74
Panola,48365,May,30793,13873,18,75
Panola,48365,June,31374,14324,12,76
Panola,48365,July,37149,15102,34,77
Panola,48365,August,41962,16747,186,85
Panola,48365,September,46384,19677,224,101
Panola,48365,October,50624,21703,90,107
Parker,48367,January,123347,63221,562,129
Parker,48367,February,320027,76190,298,161
Parker,48367,March,374404,85349,98,171
Parker,48367,April,368564,92522,50,177
Parker,48367,May,387430,98893,67,184
Parker,48367,June,380104,104044,56,189
Parker,48367,July,403949,109948,163,195
Parker,48367,August,445294,120652,436,217
Parker,48367,September,501860,138040,549,261
Parker,48367,October,571868,152938,306,308
Parmer,48369,January,9680,2286,32,33
Parmer,48369,February,22989,2815,17,34
Parmer,48369,March,26360,3188,12,35
Parmer,48369,April,26783,3526,15,36
Parmer,48369,May,28103,3796,4,37
Parmer,48369,June,27604,4001,2,37
Parmer,48369,July,29038,4231,4,37
Parmer,48369,August,29708,4594,21,37
Parmer,48369,September,30247,5275,27,37
Parmer,48369,October,31953,5869,10,37
Pecos,48371,January,13359,8289,5,29
Pecos,48371,February,32580,9567,54,34
Pecos,48371,March,39314,10554,58,35
Pecos,48371,April,39986,11765,43,35
Pecos,48371,May,42993,12542,30,35
Pecos,48371,June,41636,13104,8,35
Pecos,48371,July,43130,13571,2,35
Pecos,48371,August,44471,14352,58,36
Pecos,48371,September,48636,16142,149,45
Pecos,48371,October,55001,17513,109,49
Polk,48373,January,15178,24646,289,82
Polk,48373,February,37286,31594,212,97
Polk,48373,March,43293,37822,91,107
Polk,48373,April,43123,43105,84,112
Polk,48373,May,46925,48078,91,117
Polk,48373,June,46711,51062,37,120
Polk,48373,July,49998,54308,90,122
Polk,48373,August,59867,59249,475,136
Polk,48373,September,68749,66745,608,175
Polk,48373,October,78141,71562,217,202
Potter,48375,January,194973,66558,1172,333
Potter,48375,February,467162,77789,653,368
Potter,48375,March,528119,85862,179,377
Potter,48375,April,517497,93236,111,382
Potter,48375,May,540842,100952,207,386
Potter,48375,June,528017,105838,97,390
Potter,48375,July,553263,110748,179,393
Potter,48375,August,594996,120421,1225,410
Potter,48375,September,646938,131521,2019,450
Potter,48375,October,713303,141583,1177,474
Presidio,48377,January,7101,6904,36,22
Presidio,48377,February,16991,7879,72,24
Presidio,48377,March,19608,8529,16,25
Presidio,48377,April,19224,8747,5,25
Presidio,48377,May,19892,8878,4,25
Presidio,48377,June,19243,8935,1,25
Presidio,48377,July,19934,8993,2,25
Presidio,48377,August,20146,9229,12,25
Presidio,48377,September,19945,9743,24,27
Presidio,48377,October,20663,9972,4,28
Rains,48379,January,3916,2722,228,21
Rains,48379,February,10335,3263,199,23
Rains,48379,March,12098,3638,48,25
Rains,48379,April,11928,3948,11,25
Rains,48379,May,12660,4274,18,25
Rains,48379,June,12451,4523,8,27
Rains,48379,July,13452,4885,28,28
Rains,48379,August,15500,5671,115,30
Rains,48379,September,18882,6900,217,37
Rains,48379,October,22452,7903,202,43
Randall,48381,January,185914,46798,1695,240
Randall,48381,February,448108,59981,814,274
Randall,48381,March,506409,68208,187,277
Randall,48381,April,496889,75180,149,282
Randall,48381,May,521099,82353,246,289
Randall,48381,June,509661,86971,113,294
Randall,48381,July,536024,91069,211,296
Randall,48381,August,585648,97929,1436,308
Randall,48381,September,646650,107406,2270,334
Randall,48381,October,719382,117055,1352,354
Reagan,48383,January,2284,1113,9,8
Reagan,48383,February,5381,1193,6,8
Reagan,48383,March,6078,1238,5,8
Reagan,48383,April,5925,1270,2,8
Reagan,48383,May,6138,1296,3,8
Reagan,48383,June,5910,1327,2,8
Reagan,48383,July,6090,1363,2,8
Reagan,48383,August,6561,1476,30,8
Reagan,48383,September,6826,1694,43,9
Reagan,48383,October,7208,1859,43,10
Real,48385,January,3058,1687,9,12
Real,48385,February,7496,2155,3,12
Real,48385,March,8432,2318,2,12
Real,48385,April,8227,2456,2,12
Real,48385,May,8596,2551,1,12
Real,48385,June,8420,2632,1,13
Real,48385,July,8712,2715,1,13
Real,48385,August,9535,2956,19,15
Real,48385,September,10611,3496,25,18
Real,48385,October,12105,3981,19,18
Red River,48387,January,4316,5734,40,32
Red River,48387,February,10719,6706,24,35
Red River,48387,March,12375,7713,10,37
Red River,48387,April,12047,8511,5,37
Red River,48387,May,12761,9023,6,37
Red River,48387,June,12807,9343,3,38
Red River,48387,July,15428,10099,12,38
Red River,48387,August,16625,10998,68,40
Red River,48387,September,18878,13010,130,46
Red River,48387,October,21566,14649,72,50
Reeves,48389,January,10708,4227,94,37
Reeves,48389,February,27484,5745,89,41
Reeves,48389,March,31089,7154,7,42
Reeves,48389,April,30427,8092,11,44
Reeves,48389,May,32496,12852,90,45
Reeves,48389,June,32081,26951,106,46
Reeves,48389,July,34346,51217,155,47
Reeves,48389,August,37456,72099,265,50
Reeves,48389,September,39779,91910,240,52
Reeves,48389,October,45473,99476,159,53
Refugio,48391,January,6155,4901,68,17
Refugio,48391,February,15201,5948,32,18
Refugio,48391,March,17582,7078,17,21
Refugio,48391,April,17221,7756,6,21
Refugio,48391,May,18212,8300,15,22
Refugio,48391,June,17990,8493,6,23
Refugio,48391,July,18931,8855,12,23
Refugio,48391,August,22846,9865,119,24
Refugio,48391,September,26107,11196,115,29
Refugio,48391,October,28307,12312,22,31
Roberts,48393,January,592,139,6,1
Roberts,48393,February,1440,196,1,1
Roberts,48393,March,1672,219,0,1
Roberts,48393,April,1680,235,1,1
Roberts,48393,May,1753,262,0,1
Roberts,48393,June,1738,288,0,1
Roberts,48393,July,1830,312,1,1
Roberts,48393,August,1917,335,2,1
Roberts,48393,September,2161,370,6,1
Roberts,48393,October,2449,402,4,1
Robertson,48395,January,9906,12363,109,28
Robertson,48395,February,43767,15113,322,37
Robertson,48395,March,50534,17218,50,41
Robertson,48395,April,49988,18721,26,43
Robertson,48395,May,53426,20027,37,44
Robertson,48395,June,53193,21164,34,47
Robertson,48395,July,57136,22256,46,47
Robertson,48395,August,61529,23776,98,50
Robertson,48395,September,66910,26382,172,60
Robertson,48395,October,72831,28736,75,63
Rockwall,48397,January,89527,58320,469,94
Rockwall,48397,February,234119,70928,260,128
Rockwall,48397,March,276099,77538,107,148
Rockwall,48397,April,274758,82935,53,153
Rockwall,48397,May,288526,87573,46,154
Rockwall,48397,June,282555,91496,40,158
Rockwall,48397,July,297653,95494,122,159
Rockwall,48397,August,329016,103059,337,169
Rockwall,48397,September,368726,114903,393,197
Rockwall,48397,October,416063,124601,208,216
Runnels,48399,January,8540,6482,35,29
Runnels,48399,February,21202,7555,10,35
Runnels,48399,March,23945,8257,4,35
Runnels,48399,April,23414,8845,1,36
Runnels,48399,May,24473,9247,2,37
Runnels,48399,June,23825,9582,0,38
Runnels,48399,July,24796,9879,4,38
Runnels,48399,August,26152,10759,29,44
Runnels,48399,September,27933,12655,29,50
Runnels,48399,October,29959,13803,8,53
Rusk,48401,January,22030,17077,365,76
Rusk,48401,February,56948,19511,385,97
Rusk,48401,March,66644,21359,330,106
Rusk,48401,April,66009,23159,74,108
Rusk,48401,May,70421,24944,36,109
Rusk,48401,June,70388,26347,31,109
Rusk,48401,July,81333,28432,122,111
Rusk,48401,August,93867,32279,462,120
Rusk,48401,September,121819,38534,977,149
Rusk,48401,October,139974,43234,373,174
Sabine,48403,January,2004,5714,8,30
Sabine,48403,February,4676,6906,0,39
Sabine,48403,March,5177,7930,0,41
Sabine,48403,April,5010,8594,2,44
Sabine,48403,May,5177,9471,3,45
Sabine,48403,June,5010,9991,0,45
Sabine,48403,July,5473,10683,3,45
Sabine,48403,August,10237,12042,30,49
Sabine,48403,September,11174,13766,49,64
Sabine,48403,October,12475,14937,17,71
San Augustine,48405,January,3828,5273,29,28
San Augustine,48405,February,9071,6377,18,29
San Augustine,48405,March,10128,7709,11,31
San Augustine,48405,April,9865,8525,10,32
San Augustine,48405,May,10309,9294,7,32
San Augustine,48405,June,10143,9734,6,32
San Augustine,48405,July,10639,10923,6,32
San Augustine,48405,August,11688,12718,51,32
San Augustine,48405,September,12638,15387,68,34
San Augustine,48405,October,14220,16895,47,36
San Jacinto,48407,January,6155,13485,116,23
San Jacinto,48407,February,18868,16806,198,27
San Jacinto,48407,March,24001,19615,187,33
San Jacinto,48407,April,25253,22213,55,36
San Jacinto,48407,May,28212,25116,40,38
San Jacinto,48407,June,28894,26957,20,39
San Jacinto,48407,July,32049,28467,38,39
San Jacinto,48407,August,40200,31244,217,43
San Jacinto,48407,September,51543,35633,323,63
San Jacinto,48407,October,58885,38611,95,76
San Patricio,48409,January,33137,35596,292,119
San Patricio,48409,February,83484,43177,192,135
San Patricio,48409,March,97081,49147,68,145
San Patricio,48409,April,97206,54989,55,148
San Patricio,48409,May,102659,59627,43,151
San Patricio,48409,June,100799,63341,55,152
San Patricio,48409,July,106765,67245,101,154
San Patricio,48409,August,121527,75671,393,181
San Patricio,48409,September,144787,87155,597,260
San Patricio,48409,October,161409,94488,251,287
San Saba,48411,January,4698,3141,69,17
San Saba,48411,February,15774,4072,127,20
San Saba,48411,March,16974,4630,4,23
San Saba,48411,April,15987,5024,0,23
San Saba,48411,May,16302,5424,0,23
San Saba,48411,June,15713,5777,0,23
San Saba,48411,July,16206,6040,4,23
San Saba,48411,August,16984,6550,28,24
San Saba,48411,September,17388,7378,29,25
San Saba,48411,October,20038,8470,55,27
Schleicher,48413,January,1362,1025,15,6
Schleicher,48413,February,3300,1164,16,6
Schleicher,48413,March,3747,1233,4,6
Schleicher,48413,April,3662,1271,2,6
Schleicher,48413,May,3873,1313,3,6
Schleicher,48413,June,3754,1330,1,6
Schleicher,48413,July,3957,1369,5,6
Schleicher,48413,August,4452,1461,19,7
Schleicher,48413,September,5158,1673,31,8
Schleicher,48413,October,5593,1824,5,9
Scurry,48415,January,28152,15089,54,50
Scurry,48415,February,84675,16146,51,60
Scurry,48415,March,71478,16724,0,62
Scurry,48415,April,69784,17759,33,62
Scurry,48415,May,72563,18394,8,62
Scurry,48415,June,70265,19024,2,62
Scurry,48415,July,72980,19836,11,62
Scurry,48415,August,78006,21472,123,66
Scurry,48415,September,87040,24846,229,78
Scurry,48415,October,93681,27181,57,82
Shackelford,48417,January,1367,896,8,1
Shackelford,48417,February,3481,1086,5,2
Shackelford,48417,March,3914,1212,1,5
Shackelford,48417,April,3870,1315,2,5
Shackelford,48417,May,4101,1416,1,5
Shackelford,48417,June,3990,1486,0,5
Shackelford,48417,July,4142,1541,1,5
Shackelford,48417,August,4396,1626,5,5
Shackelford,48417,September,4677,1877,6,5
Shackelford,48417,October,5377,2128,6,5
Shelby,48419,January,9548,11184,166,47
Shelby,48419,February,23811,13019,120,57
Shelby,48419,March,27496,14305,85,67
Shelby,48419,April,27588,15576,28,69
Shelby,48419,May,29077,16899,14,70
Shelby,48419,June,29558,17758,15,72
Shelby,48419,July,37704,18794,15,74
Shelby,48419,August,40994,20769,134,80
Shelby,48419,September,46478,24365,196,98
Shelby,48419,October,51395,27176,103,109
Sherman,48421,January,1244,189,7,11
Sherman,48421,February,3364,299,14,12
Sherman,48421,March,5431,362,26,12
Sherman,48421,April,5608,407,5,12
Sherman,48421,May,6023,449,0,12
Sherman,48421,June,5938,463,0,12
Sherman,48421,July,6171,475,2,12
Sherman,48421,August,6457,498,11,13
Sherman,48421,September,6683,528,12,14
Sherman,48421,October,7080,576,1,15
Smith,48423,January,114310,160039,5443,347
Smith,48423,February,296677,180093,5313,417
Smith,48423,March,345736,192716,1288,449
Smith,48423,April,345903,205342,724,469
Smith,48423,May,366911,215483,580,482
Smith,48423,June,359578,222787,301,490
Smith,48423,July,380064,232413,409,494
Smith,48423,August,444816,263307,2672,529
Smith,48423,September,531578,306878,6070,659
Smith,48423,October,620961,343298,4309,776
Somervell,48425,January,6360,6560,34,9
Somervell,48425,February,15825,7622,10,12
Somervell,48425,March,18044,8142,4,14
Somervell,48425,April,17603,8565,1,14
Somervell,48425,May,18302,8921,1,14
Somervell,48425,June,17768,9238,0,14
Somervell,48425,July,18584,9811,7,14
Somervell,48425,August,20206,11416,23,16
Somervell,48425,September,21920,13061,21,20
Somervell,48425,October,25013,14378,26,21
Starr,48427,January,77729,36627,1198,225
Starr,48427,February,200728,48409,612,268
Starr,48427,March,233207,56500,239,288
Starr,48427,April,230949,63160,123,297
Starr,48427,May,241701,69328,40,299
Starr,48427,June,236006,74133,35,303
Starr,48427,July,246087,77519,77,305
Starr,48427,August,257001,82782,368,313
Starr,48427,September,264404,95609,412,326
Starr,48427,October,281659,103669,176,331
Stephens,48429,January,4934,3102,13,20
Stephens,48429,February,11548,3826,11,24
Stephens,48429,March,12961,4497,4,26
Stephens,48429,April,12971,5335,1,26
Stephens,48429,May,14127,5882,1,26
Stephens,48429,June,13626,6281,1,26
Stephens,48429,July,13945,6667,2,26
Stephens,48429,August,14226,7169,11,29
Stephens,48429,September,18260,8562,109,31
Stephens,48429,October,20360,9628,83,34
Sterling,48431,January,528,771,3,4
Sterling,48431,February,1284,891,3,4
Sterling,48431,March,1484,954,2,4
Sterling,48431,April,1471,1000,0,4
Sterling,48431,May,1577,1030,0,4
Sterling,48431,June,1530,1054,0,4
Sterling,48431,July,1604,1082,2,4
Sterling,48431,August,1928,1184,14,4
Sterling,48431,September,2229,1361,12,5
Sterling,48431,October,2394,1472,3,5
Stonewall,48433,January,576,357,3,4
Stonewall,48433,February,1344,451,0,6
Stonewall,48433,March,1509,495,0,6
Stonewall,48433,April,1470,538,0,6
Stonewall,48433,May,1519,568,0,6
Stonewall,48433,June,1470,594,0,6
Stonewall,48433,July,1519,637,0,6
Stonewall,48433,August,1565,765,1,6
Stonewall,48433,September,1553,938,4,6
Stonewall,48433,October,1624,1147,4,6
Sutton,48435,January,3065,1587,38,6
Sutton,48435,February,7341,1782,23,8
Sutton,48435,March,8550,1901,10,8
Sutton,48435,April,8498,1967,3,8
Sutton,48435,May,8527,2025,0,8
Sutton,48435,June,8271,2088,3,8
Sutton,48435,July,8585,2162,3,8
Sutton,48435,August,8989,2304,42,8
Sutton,48435,September,9393,2526,24,11
Sutton,48435,October,9760,2643,7,11
Swisher,48437,January,4396,3564,43,14
Swisher,48437,February,10815,4084,26,16
Swisher,48437,March,12431,4601,15,17
Swisher,48437,April,12977,5201,12,17
Swisher,48437,May,14186,5803,7,17
Swisher,48437,June,14504,6297,2,18
Swisher,48437,July,15062,6672,7,18
Swisher,48437,August,15810,7278,20,19
Swisher,48437,September,20045,8267,115,22
Swisher,48437,October,29351,9460,294,22
Tarrant,48439,January,2151051,1289238,52255,2105
Tarrant,48439,February,5576536,1567937,31106,2679
Tarrant,48439,March,6491293,1737958,8938,2921
Tarrant,48439,April,6411481,1879372,4827,3018
Tarrant,48439,May,6732476,2008743,3954,3077
Tarrant,48439,June,6573015,2105039,2445,3118
Tarrant,48439,July,6895878,2208911,4299,3168
Tarrant,48439,August,7410391,2393331,17365,3348
Tarrant,48439,September,8138201,2691453,30385,3765
Tarrant,48439,October,9127924,2929567,18941,4121
Taylor,48441,January,76360,91964,2523,290
Taylor,48441,February,191630,111416,1367,369
Taylor,48441,March,219475,125100,359,393
Taylor,48441,April,215278,136224,163,403
Taylor,48441,May,226831,144475,192,410
Taylor,48441,June,220894,152007,102,415
Taylor,48441,July,230751,156386,183,416
Taylor,48441,August,246183,166174,1177,431
Taylor,48441,September,258048,193981,2287,487
Taylor,48441,October,291710,218545,1505,541
Terrell,48443,January,806,397,9,2
Terrell,48443,February,1803,441,2,2
Terrell,48443,March,1969,465,0,2
Terrell,48443,April,1946,480,1,2
Terrell,48443,May,2002,488,0,2
Terrell,48443,June,1920,494,0,2
Terrell,48443,July,2025,504,2,2
Terrell,48443,August,2138,531,5,3
Terrell,48443,September,2083,622,9,3
Terrell,48443,October,2197,731,5,3
Terry,48445,January,18808,3507,126,51
Terry,48445,February,46533,3920,26,57
Terry,48445,March,52146,4329,3,57
Terry,48445,April,50651,4833,1,58
Terry,48445,May,52485,5363,1,58
Terry,48445,June,51047,5875,2,58
Terry,48445,July,52841,6324,2,58
Terry,48445,August,54807,6920,35,59
Terry,48445,September,58215,7888,78,64
Terry,48445,October,63885,8883,28,66
Throckmorton,48447,January,522,280,4,5
Throckmorton,48447,February,1360,377,0,5
Throckmorton,48447,March,1541,428,0,5
Throckmorton,48447,April,1500,494,0,5
Throckmorton,48447,May,1550,553,0,5
Throckmorton,48447,June,1500,596,0,5
Throckmorton,48447,July,1550,631,0,5
Throckmorton,48447,August,1584,706,1,5
Throckmorton,48447,September,1601,923,3,5
Throckmorton,48447,October,1768,1105,2,6
Titus,48449,January,29444,20606,331,68
Titus,48449,February,72798,23852,441,80
Titus,48449,March,82981,25690,346,83
Titus,48449,April,80955,27259,70,83
Titus,48449,May,84645,28378,21,84
Titus,48449,June,84605,29421,13,84
Titus,48449,July,99001,30725,30,84
Titus,48449,August,103644,32468,179,87
Titus,48449,September,110834,36533,400,95
Titus,48449,October,120464,39338,124,102
Tom Green,48451,January,53115,89011,1234,219
Tom Green,48451,February,126991,102065,490,254
Tom Green,48451,March,142431,109802,145,265
Tom Green,48451,April,138979,116406,88,269
Tom Green,48451,May,144376,121115,64,270
Tom Green,48451,June,140250,124276,21,272
Tom Green,48451,July,146305,128230,186,275
Tom Green,48451,August,157649,143159,1258,297
Tom Green,48451,September,170389,170912,1613,348
Tom Green,48451,October,184681,191075,463,380
Travis,48453,January,785452,773167,5530,716
Travis,48453,February,2041354,948971,3157,890
Travis,48453,March,2403744,1069334,1242,962
Travis,48453,April,2422977,1186602,1010,1000
Travis,48453,May,2578405,1288499,591,1026
Travis,48453,June,2526401,1366332,261,1041
Travis,48453,July,2668894,1441032,935,1054
Travis,48453,August,2977732,1590420,2931,1142
Travis,48453,September,3310167,1801460,3037,1331
Travis,48453,October,3651296,1987766,1588,1423
Trinity,48455,January,4793,8767,74,17
Trinity,48455,February,12634,11341,68,23
Trinity,48455,March,15129,12824,65,25
Trinity,48455,April,15298,14061,16,26
Trinity,48455,May,16745,15512,18,27
Trinity,48455,June,17391,16712,10,30
Trinity,48455,July,19585,17872,21,31
Trinity,48455,August,22865,19850,111,36
Trinity,48455,September,28671,22414,153,50
Trinity,48455,October,32837,24096,67,59
Tyler,48457,January,5647,10467,62,25
Tyler,48457,February,14020,12080,26,37
Tyler,48457,March,16640,13288,17,40
Tyler,48457,April,17314,14682,20,40
Tyler,48457,May,18260,16202,3,45
Tyler,48457,June,18399,17199,2,45
Tyler,48457,July,19592,18231,20,46
Tyler,48457,August,23880,20086,155,53
Tyler,48457,September,28942,23116,229,64
Tyler,48457,October,31416,25130,24,70
Upshur,48459,January,13135,11687,488,47
Upshur,48459,February,34864,13817,503,64
Upshur,48459,March,40465,15191,441,71
Upshur,48459,April,39844,16115,90,75
Upshur,48459,May,41877,17077,24,76
Upshur,48459,June,41832,17749,17,77
Upshur,48459,July,46544,18503,54,78
Upshur,48459,August,52619,20346,355,87
Upshur,48459,September,61858,23366,522,116
Upshur,48459,October,69505,25402,179,139
Upton,48461,January,762,1834,46,7
Upton,48461,February,1930,2253,32,8
Upton,48461,March,2195,2806,8,9
Upton,48461,April,2113,3080,1,10
Upton,48461,May,2145,3227,1,10
Upton,48461,June,2070,3324,1,10
Upton,48461,July,2200,3447,5,10
Upton,48461,August,2483,3622,19,11
Upton,48461,September,2629,4046,65,12
Upton,48461,October,2982,4449,38,14
Uvalde,48463,January,34694,17828,274,50
Uvalde,48463,February,91038,22628,102,65
Uvalde,48463,March,104082,24680,7,71
Uvalde,48463,April,102703,26154,0,73
Uvalde,48463,May,106892,27345,0,74
Uvalde,48463,June,104162,28250,0,74
Uvalde,48463,July,113487,29320,104,74
Uvalde,48463,August,134903,32401,276,84
Uvalde,48463,September,161029,37821,337,97
Uvalde,48463,October,181774,41326,107,108
Val Verde,48465,January,81928,35398,1222,181
Val Verde,48465,February,210586,44660,512,206
Val Verde,48465,March,240034,50287,146,219
Val Verde,48465,April,234520,55606,60,222
Val Verde,48465,May,243879,60238,20,222
Val Verde,48465,June,238392,63116,28,222
Val Verde,48465,July,249133,65742,67,222
Val Verde,48465,August,271753,71408,362,225
Val Verde,48465,September,299903,81176,443,238
Val Verde,48465,October,325774,88632,245,250
Van Zandt,48467,January,24700,18464,1158,88
Van Zandt,48467,February,66352,22265,1212,105
Van Zandt,48467,March,78344,24949,333,112
Van Zandt,48467,April,78111,27779,151,117
Van Zandt,48467,May,83326,30265,170,120
Van Zandt,48467,June,81953,31852,95,122
Van Zandt,48467,July,87233,33825,154,127
Van Zandt,48467,August,100220,38263,687,145
Van Zandt,48467,September,120742,44380,1306,181
Van Zandt,48467,October,142310,49654,1007,208
Victoria,48469,January,84797,38287,530,146
Victoria,48469,February,214982,45952,531,177
Victoria,48469,March,248233,51521,98,193
Victoria,48469,April,250083,56488,139,205
Victoria,48469,May,274825,61226,177,216
Victoria,48469,June,275665,64732,73,227
Victoria,48469,July,292496,69023,116,232
Victoria,48469,August,330146,76614,592,255
Victoria,48469,September,371508,88963,583,310
Victoria,48469,October,402575,97346,110,341
Walker,48471,January,82463,77588,761,101
Walker,48471,February,208457,91712,396,116
Walker,48471,March,237349,103471,65,124
Walker,48471,April,234754,115775,63,127
Walker,48471,May,244466,128122,15,131
Walker,48471,June,237099,136668,0,132
Walker,48471,July,244023,143526,28,134
Walker,48471,August,261475,157414,346,141
Walker,48471,September,292269,177618,464,164
Walker,48471,October,316970,193387,111,179
Waller,48473,January,30550,22646,299,30
Waller,48473,February,81107,28818,160,41
Waller,48473,March,98094,33366,98,46
Waller,48473,April,100704,37836,69,46
Waller,48473,May,108433,42441,47,48
Waller,48473,June,104713,44914,16,51
Waller,48473,July,110363,46992,44,53
Waller,48473,August,124152,50943,218,56
Waller,48473,September,143066,57961,312,68
Waller,48473,October,161240,63676,92,78
Ward,48475,January,7245,3923,95,17
Ward,48475,February,17807,4466,74,21
Ward,48475,March,20912,4764,29,22
Ward,48475,April,20901,5028,15,24
Ward,48475,May,22094,5259,12,24
Ward,48475,June,21707,5389,8,24
Ward,48475,July,22649,5520,6,24
Ward,48475,August,25238,5795,81,25
Ward,48475,September,32327,6474,195,26
Ward,48475,October,38475,7087,100,29
Washington,48477,January,15667,29218,129,71
Washington,48477,February,82322,35787,681,82
Washington,48477,March,95949,40470,134,87
Washington,48477,April,96679,44802,98,91
Washington,48477,May,103424,49236,78,94
Washington,48477,June,103190,52423,72,94
Washington,48477,July,110406,54935,83,97
Washington,48477,August,119121,59686,213,103
Washington,48477,September,129480,67177,334,116
Washington,48477,October,143969,73399,180,127
Webb,48479,January,457391,265847,8987,598
Webb,48479,February,1171384,345400,3703,740
Webb,48479,March,1330758,380827,452,778
Webb,48479,April,1300862,414028,256,789
Webb,48479,May,1358248,444104,249,796
Webb,48479,June,1328915,462057,158,801
Webb,48479,July,1390695,476968,170,810
Webb,48479,August,1477451,510143,643,832
Webb,48479,September,1537034,558761,472,872
Webb,48479,October,1633574,596397,246,896
Wharton,48481,January,34829,25143,311,91
Wharton,48481,February,90621,29667,146,105
Wharton,48481,March,106653,32576,37,114
Wharton,48481,April,106761,35636,33,116
Wharton,48481,May,114120,39355,26,118
Wharton,48481,June,112544,41278,10,118
Wharton,48481,July,118262,42847,19,121
Wharton,48481,August,129721,46159,170,129
Wharton,48481,September,146623,51688,208,158
Wharton,48481,October,164523,55592,2,180
Wheeler,48483,January,4817,3021,43,9
Wheeler,48483,February,11826,3450,22,9
Wheeler,48483,March,13627,3763,5,10
Wheeler,48483,April,13985,3995,5,10
Wheeler,48483,May,15059,4180,4,11
Wheeler,48483,June,15074,4337,1,11
Wheeler,48483,July,15738,4509,2,11
Wheeler,48483,August,16469,4798,18,12
Wheeler,48483,September,17468,5668,33,12
Wheeler,48483,October,19147,6480,15,13
Wichita,48485,January,164017,100720,2314,297
Wichita,48485,February,400548,115902,594,351
Wichita,48485,March,456054,125526,113,369
Wichita,48485,April,446657,131591,42,375
Wichita,48485,May,466738,137044,52,378
Wichita,48485,June,455287,141126,28,381
Wichita,48485,July,477249,144759,130,386
Wichita,48485,August,514327,154714,543,403
Wichita,48485,September,584688,175213,1798,447
Wichita,48485,October,667634,196976,933,500
Wilbarger,48487,January,17866,11886,8,46
Wilbarger,48487,February,43331,13982,7,53
Wilbarger,48487,March,49469,15670,1,55
Wilbarger,48487,April,48312,17092,1,55
Wilbarger,48487,May,50340,18188,2,55
Wilbarger,48487,June,49112,18895,1,55
Wilbarger,48487,July,50722,19424,1,56
Wilbarger,48487,August,51703,20487,11,56
Wilbarger,48487,September,52912,24038,28,57
Wilbarger,48487,October,59557,30724,49,61
Willacy,48489,January,23131,16910,257,71
Willacy,48489,February,60571,20612,180,80
Willacy,48489,March,72096,23785,76,86
Willacy,48489,April,73498,26736,55,89
Willacy,48489,May,86449,30213,106,89
Willacy,48489,June,86526,33185,57,92
Willacy,48489,July,94859,36336,137,94
Willacy,48489,August,107323,40395,305,97
Willacy,48489,September,116906,44995,245,105
Willacy,48489,October,128429,48653,159,110
Williamson,48491,January,355085,320043,1893,307
Williamson,48491,February,950298,400743,1062,402
Williamson,48491,March,1125756,452421,0,443
Williamson,48491,April,1137751,505067,995,462
Williamson,48491,May,1220329,553229,1030,475
Williamson,48491,June,1197184,589005,356,483
Williamson,48491,July,1264680,622287,1074,492
Williamson,48491,August,1476166,689793,5325,539
Williamson,48491,September,1735832,788605,6568,628
Williamson,48491,October,1977096,870573,3342,684
Wilson,48493,January,30014,25235,203,46
Wilson,48493,February,83087,32874,114,58
Wilson,48493,March,97789,36928,34,66
Wilson,48493,April,96919,41752,22,68
Wilson,48493,May,103848,44588,29,68
Wilson,48493,June,105168,46604,35,69
Wilson,48493,July,111411,48511,69,73
Wilson,48493,August,127263,52028,266,83
Wilson,48493,September,148085,59095,317,114
Wilson,48493,October,164622,65918,119,134
Winkler,48495,January,5933,952,66,17
Winkler,48495,February,14486,1100,28,20
Winkler,48495,March,16913,1187,19,21
Winkler,48495,April,17000,1296,16,21
Winkler,48495,May,17794,1369,4,21
Winkler,48495,June,17345,1420,6,21
Winkler,48495,July,18116,1467,6,21
Winkler,48495,August,19463,1566,36,23
Winkler,48495,September,21931,1788,77,27
Winkler,48495,October,27563,2045,107,29
Wise,48497,January,60456,38893,292,94
Wise,48497,February,157667,46111,152,112
Wise,48497,March,183018,51089,39,119
Wise,48497,April,180111,54746,17,121
Wise,48497,May,188650,57984,23,122
Wise,48497,June,185203,60272,25,126
Wise,48497,July,197332,62735,82,129
Wise,48497,August,216973,67338,205,141
Wise,48497,September,252462,76169,255,172
Wise,48497,October,284293,82708,134,194
Wood,48499,January,19216,16290,905,98
Wood,48499,February,50446,18803,954,117
Wood,48499,March,59133,20545,239,125
Wood,48499,April,58591,22316,101,128
Wood,48499,May,61657,23931,74,129
Wood,48499,June,60415,25152,48,130
Wood,48499,July,64251,26633,90,131
Wood,48499,August,73946,30146,503,146
Wood,48499,September,91711,36786,1291,189
Wood,48499,October,107716,40981,843,218
Yoakum,48501,January,10026,2340,21,24
Yoakum,48501,February,23983,2574,6,26
Yoakum,48501,March,26766,2744,3,27
Yoakum,48501,April,26071,2855,1,27
Yoakum,48501,May,27056,2957,1,27
Yoakum,48501,June,26301,3024,1,28
Yoakum,48501,July,27214,3122,1,28
Yoakum,48501,August,29310,3582,35,29
Yoakum,48501,September,32608,4125,45,30
Yoakum,48501,October,36497,4460,23,32
Young,48503,January,19902,6644,47,35
Young,48503,February,51067,7858,35,41
Young,48503,March,58793,8678,3,44
Young,48503,April,57460,9401,3,45
Young,48503,May,60022,10153,2,45
Young,48503,June,58487,10536,1,45
Young,48503,July,60950,11026,9,45
Young,48503,August,64210,11923,31,46
Young,48503,September,67965,13387,16,56
Young,48503,October,76190,14826,18,65
Zapata,48505,January,15635,13710,278,24
Zapata,48505,February,41245,17704,164,32
Zapata,48505,March,47867,19648,32,36
Zapata,48505,April,46792,21383,2,36
Zapata,48505,May,48838,22977,6,36
Zapata,48505,June,47640,24022,9,36
Zapata,48505,July,49640,24781,15,36
Zapata,48505,August,50409,26756,55,40
Zapata,48505,September,49685,30612,101,43
Zapata,48505,October,51804,32916,26,45
Zavala,48507,January,15807,6928,152,31
Zavala,48507,February,43256,9042,72,37
Zavala,48507,March,50457,9927,10,41
Zavala,48507,April,49282,10521,3,42
Zavala,48507,May,51461,10956,3,42
Zavala,48507,June,50633,11287,5,42
Zavala,48507,July,53120,11589,16,42
Zavala,48507,August,56859,12367,76,47
Zavala,48507,September,61118,13942,87,52
Zavala,48507,October,66159,14808,26,54
